id,company_id,period,financial_risk_score,financial_risk_level,risk_score_change,risk_trend,main_financial_risk_factor,financial_risk_explanation,negative_financial_signals,profitability_risk,liquidity_risk,leverage_risk,debt_growth_risk,revenue_risk,cash_risk,equity_risk,revenue,net_profit,total_assets,total_liabilities,total_debt,equity,cash,current_assets,current_liabilities,profit_margin,debt_ratio,liability_ratio,debt_to_equity,current_ratio,cash_ratio,revenue_growth,profit_growth,debt_growth,cash_growth,equity_growth,profitability_warning,liquidity_warning,leverage_warning,debt_growth_warning,profit_decline_warning,cash_decline_warning,equity_decline_warning
1,1,2024Q1,34.62,Low,,Stable,Profitability,No major financial risk drivers detected.,0,50.0,25,25,,,,,11794216.19,852460.59,39876783.98,24018740.84,20094923.92,15858043.14,4472316.69,17412679.28,10409195.99,0.07227785011459927,0.5039253900233909,0.6023239199040344,1.267175511038495,1.672816930023046,0.4296505411461659,,,,,,0,0,0,0,0,0,0
2,1,2024Q2,25.62,Low,-8.999999999999996,Improving,Liquidity,No major financial risk drivers detected.,2,37.5,50,25,0.0,0.0,0.0,25.0,11847692.69,822109.59,38816164.07,23763085.46,19786316.74,15053078.61,4548943.66,11768247.68,10921750.79,0.06938984758558926,0.5097442576839355,0.6121956156498697,1.3144365516603118,1.0775056038428432,0.4165031548023447,0.004534129198457526,-0.03560399196870789,-0.01535746943997407,0.01713361895219445,-0.05076064700376404,0,0,0,0,1,0,1
3,1,2024Q3,25.0,Low,-0.620000000000001,Stable,Liquidity,No major financial risk drivers detected.,1,25.0,50,25,25.0,0.0,0.0,0.0,12313058.08,1086301.02,39403431.6,23944945.7,20735269.6,15458485.9,4587645.51,10227552.42,9527055.82,0.08822349516603596,0.526230045405487,0.6076868112167164,1.3413519107974217,1.0735270804784682,0.48153864075921826,0.03927898892860293,0.3213579226098069,0.04796005605639575,0.008507876309903573,0.026931852314295623,0,0,0,1,0,0,0
4,1,2024Q4,33.75,Low,8.75,Deteriorating,Liquidity,Main financial risk drivers: low liquidity position.,3,25.0,75,25,25.0,25.0,0.0,25.0,12252894.47,1188972.75,39735785.44,25586654.36,20875158.22,14149131.08,4608420.1,12404162.0,15251185.78,0.09703607200005535,0.52534907738318,0.643919682892268,1.4753667982839833,0.8133244312233406,0.3021679865734348,-0.004886163096860741,0.09451498996107,0.006746409508946005,0.004528377346226131,-0.08470136263474548,0,1,0,1,0,0,1
5,1,2025Q1,29.38,Low,-4.370000000000001,Stable,Liquidity,No major financial risk drivers detected.,3,37.5,50,25,25.0,0.0,0.0,25.0,12278766.0,1090621.88,39894077.77,26306972.07,21718194.35,13587105.7,4772316.7,16583525.61,12744231.7,0.08882178225401477,0.5443964509020909,0.6594204839542026,1.5984415540389887,1.3012573845467672,0.3744687645627159,0.002111462729344815,-0.08271919604549394,0.0403846582198506,0.035564596205107435,-0.03972154733900457,0,0,0,1,1,0,1
6,1,2025Q2,33.75,Low,4.370000000000001,Stable,Liquidity,Main financial risk drivers: low liquidity position.,3,50.0,75,25,0.0,0.0,0.0,25.0,12346132.81,974409.11,40114388.78,27485685.19,21518992.65,12628703.59,4923852.3,11328040.11,14435605.29,0.07892423684368255,0.5364407461875329,0.6851826994233963,1.7039747980972288,0.7847291389885321,0.3410908099164299,0.0054864479052700865,-0.10655642632073359,-0.00917211149277719,0.031753047738847684,-0.07053762082678139,0,1,0,0,1,0,1
7,1,2025Q3,31.25,Low,-2.5,Stable,Profitability,No major financial risk drivers detected.,2,50.0,50,25,25.0,0.0,0.0,0.0,12348587.9,826255.75,41157309.67,25443792.06,22124845.7,15713517.61,4980393.68,15486486.75,12699734.49,0.0669109501986053,0.5375678312649049,0.6182083392721427,1.4080135491699113,1.219433899361781,0.39216518139978845,0.00019885498056626538,-0.15204430919164946,0.02815434067263367,0.01148315923286325,0.24427004704130528,0,0,0,1,1,0,0
8,1,2025Q4,29.38,Low,-1.870000000000001,Stable,Liquidity,No major financial risk drivers detected.,2,37.5,50,25,0.0,25.0,0.0,50.0,12252829.58,824461.36,41710840.43,28725847.75,21611606.11,12984992.68,5156413.98,13702229.63,12146612.59,0.0672874257017129,0.5181292413963474,0.6886902170721857,1.6643525832160886,1.1280700300988196,0.42451456665746845,-0.007754596782681533,-0.0021717125720456254,-0.023197431383668365,0.03534264785268948,-0.17364189214155212,0,0,0,0,1,0,1
9,1,2026Q1,26.25,Low,-3.129999999999999,Stable,Liquidity,No major financial risk drivers detected.,2,25.0,50,25,25.0,0.0,0.0,25.0,12254520.59,1042875.87,40200086.11,27460204.02,22494085.08,12739882.08,5325097.39,11017560.74,10287534.77,0.08510131933280304,0.5595531566387483,0.6830881890367174,1.7656431149635883,1.070962187377375,0.5176261863560147,0.00013800975431510487,0.264917824650994,0.04083356718183295,0.032713317948144915,-0.018876452689690626,0,0,0,1,0,0,1
10,1,2026Q2,45.62,Medium,19.369999999999997,Rapid Deterioration,Equity Decline,"Main financial risk drivers: weak profitability or declining profit, declining equity.",4,62.5,50,50,25.0,25.0,0.0,75.0,12078403.68,650990.9,40124494.59,30630308.09,23156124.46,9494186.5,5404240.19,12748701.67,11689140.14,0.053897097434981577,0.577106944189923,0.7633817797080443,2.4389793122349137,1.0906449505532234,0.4623300024872488,-0.014371587097721017,-0.37577336025619235,0.0294317096092358,0.014862225834333609,-0.25476653234454427,0,0,1,1,1,0,1
11,2,2024Q1,50.0,Medium,,Stable,Liquidity,Main financial risk drivers: low liquidity position.,1,50.0,75,25,,,,,17073064.22,1079373.75,35051417.28,24939048.88,17173634.08,10112368.4,3231720.15,11579864.42,13198837.45,0.06322085690602527,0.48995548290708085,0.711499015311714,1.6982801061717647,0.877339725098289,0.24484884841126672,,,,,,0,1,0,0,0,0,0
12,2,2024Q2,36.88,Low,-13.119999999999997,Improving,Liquidity,Main financial risk drivers: low liquidity position.,4,12.5,75,50,25.0,25.0,0.0,50.0,17034166.7,1814197.32,34854996.26,26215660.23,17564009.07,8639336.03,3350640.08,10544140.87,10845440.04,0.10650343817522932,0.5039165386500604,0.7521349316592927,2.0330276550199198,0.9722188155677637,0.3089445949304239,-0.0022782975275424944,0.6807869563253692,0.022731064851010396,0.036797719010416285,-0.14566640689237553,0,1,1,1,0,0,1
13,2,2024Q3,43.12,Medium,6.239999999999995,Deteriorating,Liquidity,"Main financial risk drivers: weak profitability or declining profit, low liquidity position.",4,62.5,75,25,25.0,25.0,25.0,0.0,16967980.33,1241303.62,35313444.49,25893272.34,18347682.43,9420172.15,3312253.46,12829826.42,15259640.84,0.07315564939719613,0.519566490751013,0.7332411979050192,1.94770139418312,0.8407685708020898,0.21705972602694626,-0.0038855067679948174,-0.3157835664755584,0.044618136831786614,-0.011456503558567865,0.09038149659748806,0,1,0,1,1,1,0
14,2,2024Q4,27.5,Low,-15.619999999999997,Improving,Liquidity,No major financial risk drivers detected.,1,25.0,50,25,25.0,25.0,0.0,0.0,16600991.07,1617312.94,35080526.25,21632739.83,18369414.92,13447786.42,3388945.48,14456800.54,12852562.23,0.09742267393437011,0.5236356715144774,0.6166595015090459,1.3659805670828018,1.1248185600109712,0.26367858947919676,-0.02162834072545139,0.30291486622749053,0.001184481477860544,0.023154031213541204,0.427552087782175,0,0,0,1,0,0,0
15,2,2025Q1,38.12,Low,10.619999999999997,Deteriorating,Liquidity,"Main financial risk drivers: low liquidity position, declining equity.",4,12.5,75,50,25.0,25.0,0.0,75.0,16129944.22,1931836.36,35273444.15,26735287.36,18964384.71,8538156.79,3488774.83,14573720.97,15605380.35,0.11976708249273785,0.5376391550922595,0.7579437734038228,2.2211333401854763,0.9338907891469624,0.22356230682964418,-0.02837462221464826,0.194472827256301,0.03238915298016476,0.029457349074851535,-0.3650883109429991,0,1,1,1,0,0,1
16,2,2025Q2,37.5,Low,-0.6199999999999974,Stable,Profitability,No major financial risk drivers detected.,4,50.0,50,50,25.0,0.0,25.0,0.0,16382491.23,1517858.46,36636899.48,27516272.24,19632494.36,9120627.23,3455717.49,16259731.69,12845196.83,0.09265126034192298,0.5358666982919047,0.7510535179163038,2.1525377438323394,1.2658219181215924,0.26902799044146686,0.01565702934588331,-0.2142924258864245,0.035229703479264574,-0.009475343526254454,0.06821969358564584,0,0,1,1,1,1,0
17,2,2025Q3,32.5,Low,-5.0,Improving,Liquidity,No major financial risk drivers detected.,2,25.0,50,50,25.0,25.0,0.0,0.0,15825370.83,1531804.16,36782197.87,27070958.1,20744513.3,9711239.77,3474600.91,9846497.97,9653392.79,0.09679420321046593,0.5639824290358536,0.7359798942868339,2.1361343959485,1.0200038664333684,0.3599357226610894,-0.03400706230684791,0.009187747321314665,0.05664175522523873,0.005464399232473216,0.06475569334281395,0,0,1,1,0,0,0
18,2,2025Q4,52.5,Medium,20.0,Rapid Deterioration,Liquidity,"Main financial risk drivers: low liquidity position, high leverage level, declining equity.",5,50.0,75,75,25.0,25.0,0.0,75.0,15637718.64,1154780.71,36944743.75,29879936.7,21393225.19,7064807.05,3630078.61,12171387.69,12465168.09,0.0738458554335519,0.5790600507277845,0.8087736892206756,3.0281400523174944,0.9764318942288728,0.2912177825273113,-0.011857680430733986,-0.24613032125464396,0.03127149239987226,0.044746923179732834,-0.2725123447343325,0,1,1,1,1,0,1
19,2,2026Q1,31.25,Low,-21.25,Improving,Liquidity,Main financial risk drivers: low liquidity position.,2,25.0,75,50,0.0,0.0,0.0,0.0,16227333.13,1441804.99,37245264.0,27414475.44,21313213.45,9830788.56,3723248.88,15164429.53,16089102.27,0.08885039694751123,0.5722395591020646,0.7360526546408693,2.168006495096462,0.9425280090534225,0.23141433359786828,0.03770463605169461,0.24855306077982542,-0.003740050379940074,0.025666185228975014,0.39151550642844524,0,1,1,0,0,0,0
20,2,2026Q2,42.5,Medium,11.25,Deteriorating,Liquidity,Main financial risk drivers: low liquidity position.,3,25.0,100,50,25.0,25.0,0.0,0.0,15787484.68,1470370.82,37596706.01,27280313.23,21317419.14,10316392.77,3741801.7,9958100.8,16213843.16,0.0931352175348556,0.5670023095728115,0.7256038128112596,2.066363661723981,0.6141727597665994,0.23077820989604295,-0.02710540582832055,0.019812547603958564,0.0001973278224733921,0.0049829653074386915,0.04939626226687954,0,1,1,1,0,0,0
21,3,2024Q1,42.31,Medium,,Stable,Profitability,No major financial risk drivers detected.,0,50.0,50,25,,,,,26736092.79,1594631.61,64215315.77,40748143.16,33709418.15,23467172.61,7716310.68,23634205.49,21344632.58,0.05964340498535501,0.5249435862113802,0.6345548981795499,1.4364499170912264,1.1072669159995445,0.3615105882511284,,,,,,0,0,0,0,0,0,0
22,3,2024Q2,25.62,Low,-16.69,Improving,Liquidity,Main financial risk drivers: low liquidity position.,3,12.5,75,25,0.0,0.0,25.0,25.0,27739225.57,3103867.18,62299991.3,41152781.28,33508763.71,21147210.03,7648234.91,23103397.05,23455563.17,0.11189451458071113,0.537861450873108,0.6605583792433051,1.5845477328907014,0.9849858169063096,0.3260733862822872,0.03751979722239751,0.9464477942965146,-0.005952474145567432,-0.008822321031791258,-0.09885991033327124,0,1,0,0,0,1,1
23,3,2024Q3,46.88,Medium,21.26,Rapid Deterioration,Liquidity,"Main financial risk drivers: weak profitability or declining profit, low liquidity position, declining equity.",4,62.5,75,50,0.0,25.0,0.0,75.0,27208635.96,2134892.6,61215509.08,46372152.37,32918458.99,14843356.71,7750431.62,18922966.05,24407549.87,0.07846378639262003,0.5377470429426673,0.7575229393158874,2.2177233649463375,0.7752915040955727,0.31754238591257666,-0.019127773003649873,-0.3121830039132022,-0.017616427902526266,0.013362130112711146,-0.2980938530925443,0,1,1,0,1,0,1
24,3,2024Q4,31.25,Low,-15.630000000000003,Improving,Profitability,No major financial risk drivers detected.,2,50.0,50,25,25.0,0.0,0.0,0.0,29123306.94,1822321.38,60791394.47,39713106.11,33677097.04,21078288.36,7905481.46,21844530.44,20941685.25,0.06257261181755068,0.5539780314896271,0.6532685498701309,1.5977149787887237,1.0431123464621836,0.3774997745226832,0.07036997307820947,-0.14641074684506383,0.02304597703769984,0.02000531681356854,0.420048629957098,0,0,0,1,1,0,0
25,3,2025Q1,33.75,Low,2.5,Stable,Equity Decline,Main financial risk drivers: declining equity.,3,25.0,50,50,25.0,0.0,0.0,75.0,29664876.47,1992629.21,60155128.07,45823610.04,34541014.85,14331518.03,8358269.6,25420104.79,16953090.93,0.06717133010869403,0.5741990077688152,0.7617573349137747,2.4101434877795707,1.4994377659484424,0.4930233450945101,0.018595742959951034,0.09345652850761166,0.025652977421833034,0.05727521369710464,-0.32008150826910886,0,0,1,1,0,0,1
26,3,2025Q2,30.0,Low,-3.75,Stable,Liquidity,Main financial risk drivers: low liquidity position.,2,25.0,75,25,25.0,0.0,0.0,0.0,29784719.35,2665401.36,61007564.62,41585973.57,36117109.55,19421591.04,8446591.54,15611547.25,16408388.18,0.08948888618619802,0.5920103478144707,0.6816527397713389,1.8596370130343347,0.9514369771571312,0.5147727764202613,0.004039891422477293,0.3376303763006665,0.045629658156960407,0.010567012578775792,0.3551663542790797,0,1,0,1,0,0,0
27,3,2025Q3,41.88,Medium,11.880000000000003,Deteriorating,Liquidity,Main financial risk drivers: low liquidity position.,4,12.5,100,50,25.0,25.0,0.0,50.0,29557838.21,3296813.75,61814953.41,45260100.96,36751134.25,16554852.44,8708814.68,16325390.46,22404185.47,0.11153771553173407,0.5945346914077696,0.7321869299132746,2.219961451374918,0.728675920035579,0.3887137379603205,-0.007617367057715763,0.23689204915840523,0.01755469105638885,0.03104484675957231,-0.1476057545489332,0,1,1,1,0,0,1
28,3,2025Q4,52.5,Medium,10.619999999999997,Deteriorating,Liquidity,Main financial risk drivers: low liquidity position.,6,50.0,100,50,25.0,25.0,25.0,50.0,29337341.84,2768381.19,63020279.55,48323515.62,37500747.16,14696763.93,8582217.82,17381456.78,23274048.16,0.09436373632956244,0.5950584070362157,0.7667931016024825,2.5516329539355946,0.74681708401174,0.36874624306870046,-0.007459827353862525,-0.16028583962318166,0.02039700067216277,-0.014536634967182382,-0.11223830092924703,0,1,1,1,1,1,1
29,3,2026Q1,40.62,Medium,-11.880000000000003,Improving,Liquidity,Main financial risk drivers: low liquidity position.,4,12.5,100,50,25.0,25.0,0.0,25.0,28605519.51,3115315.59,63087599.55,49216029.26,37770223.32,13871570.3,8599527.96,16867894.36,25859499.93,0.10890610075831479,0.5986948875755728,0.7801220780479038,2.722851306892054,0.6522900444966183,0.3325481151328668,-0.024945079686878646,0.12532031399909926,0.0071858877597894555,0.0020169774716811695,-0.05614798155092904,0,1,1,1,0,0,1
30,3,2026Q2,48.75,Medium,8.130000000000003,Deteriorating,Liquidity,"Main financial risk drivers: low liquidity position, high leverage level.",5,50.0,75,75,25.0,0.0,0.0,50.0,29200302.42,2771036.5,62906441.17,52055258.57,38102526.65,10851182.6,8727547.69,15829100.59,20992029.37,0.09489752743458059,0.6057015138883909,0.8275028375762749,3.5113708850498933,0.7540528984120795,0.41575531055957166,0.02079259248523968,-0.11051178606274037,0.0087980239667802,0.014886832230265545,-0.21773942204654373,0,1,1,1,1,0,1
31,4,2024Q1,40.38,Medium,,Stable,Liquidity,Main financial risk drivers: low liquidity position.,1,25.0,75,25,,,,,22513851.24,2358573.47,59886361.17,41881317.74,33483943.15,18005043.43,11851752.15,22896390.8,25123517.27,0.10476099556923253,0.5591246904274046,0.6993465109878875,1.8596979940747635,0.9113529190174573,0.4717393676462723,,,,,,0,1,0,0,0,0,0
32,4,2024Q2,22.5,Low,-17.880000000000003,Improving,Liquidity,Main financial risk drivers: low liquidity position.,3,0.0,75,25,0.0,0.0,25.0,25.0,23306689.36,3629201.68,59964434.49,42301175.29,32852438.73,17663259.2,11841313.73,19618114.56,22358449.45,0.15571502343994859,0.5478653973711476,0.7054377423846859,1.8599307386034398,0.8774362732027466,0.529612474088627,0.03521557069682402,0.5387274240814723,-0.01885991793651698,-0.0008807490966641351,-0.01898269400619823,0,1,0,0,0,1,1
33,4,2024Q3,25.0,Low,2.5,Stable,Liquidity,No major financial risk drivers detected.,2,25.0,50,25,25.0,0.0,0.0,0.0,23906033.52,3466628.45,60509151.8,40684180.56,32932178.61,19824971.24,11961387.4,20427453.55,17850133.78,0.14501060776559976,0.5442512021793041,0.6723640862538087,1.6611463497891057,1.1443865800539674,0.6701007145056814,0.025715542466903107,-0.04479586540916625,0.002427213414971874,0.010140232134530303,0.12238466386769664,0,0,0,1,1,0,0
34,4,2024Q4,17.5,Low,-7.5,Improving,Liquidity,No major financial risk drivers detected.,2,0.0,50,25,0.0,0.0,25.0,25.0,24605731.99,4084931.29,61012780.26,42366760.46,32836639.69,18646019.8,11847514.97,20702879.8,19675606.71,0.1660154346011797,0.5381928105893531,0.6943915730353246,1.7610535675822891,1.0522104911498305,0.602142294498018,0.029268697770988394,0.17835855469310524,-0.002901081071234879,-0.0095200018352386,-0.05946800253718798,0,0,0,0,0,1,1
35,4,2025Q1,14.38,Low,-3.119999999999999,Stable,Liquidity,No major financial risk drivers detected.,2,12.5,25,25,0.0,0.0,25.0,0.0,25653412.64,4046213.29,62044246.25,40821646.77,32516178.1,21222599.48,11754187.51,24508632.83,15522428.81,0.1577261219308871,0.5240804758749084,0.657944116292653,1.5321486951041494,1.5789173930184703,0.7572389381761964,0.042578723137592034,-0.009478250000136468,-0.009759268701833523,-0.007877386965648325,0.1381838970266458,0,0,0,0,1,1,0
36,4,2025Q2,21.25,Low,6.869999999999999,Deteriorating,Liquidity,No major financial risk drivers detected.,1,25.0,50,25,0.0,0.0,0.0,0.0,26032353.32,3840029.87,61258971.85,37941463.94,32230127.29,23317507.91,12298587.13,19892437.89,19812724.35,0.14750990134456274,0.5261290928767032,0.6193617488864204,1.3822286418600382,1.0040233507816405,0.6207418481547693,0.014771550487950869,-0.05095713083380238,-0.008797184254566548,0.046315376501935734,0.09871120792597643,0,0,0,0,1,0,0
37,4,2025Q3,37.5,Low,16.25,Rapid Deterioration,Liquidity,Main financial risk drivers: low liquidity position.,4,50.0,75,25,25.0,0.0,0.0,25.0,26196821.54,2635995.38,61167131.66,38368200.45,32618529.56,22798931.21,12445697.74,15324828.05,17578403.75,0.10062271775891175,0.5332689088857628,0.6272682633423325,1.4307043281788996,0.871798615389068,0.7080106883993946,0.006317839112672141,-0.313548209457027,0.012050907106423647,0.011961586192380746,-0.02223979946748944,0,1,0,1,1,0,1
38,4,2025Q4,35.62,Low,-1.8800000000000026,Stable,Liquidity,"Main financial risk drivers: low liquidity position, declining equity.",4,12.5,75,50,25.0,0.0,0.0,75.0,28041336.9,3468295.76,60709047.11,46251269.53,32807960.8,14457777.58,12672781.28,22120535.2,22939355.74,0.12368510718189046,0.5404130415777169,0.7618513505276463,2.2692257242485536,0.9643049896744834,0.5524471316298616,0.07040989141310927,0.3157442483833184,0.0058074733151767255,0.018245946892166742,-0.3658572216903496,0,1,1,1,0,0,1
39,4,2026Q1,21.25,Low,-14.369999999999997,Improving,Liquidity,No major financial risk drivers detected.,1,25.0,50,25,0.0,0.0,0.0,0.0,30020728.17,3230341.93,61585992.49,39435339.44,32629736.82,22150653.05,12756293.74,15709609.75,14190900.9,0.10760371672890039,0.5298239989442118,0.6403296893592044,1.4730823848103205,1.1070199038596626,0.8989065479274821,0.070588334538358,-0.06860828673965214,-0.005432339458293911,0.006589907783842053,0.5320925313335745,0,0,0,0,1,0,0
40,4,2026Q2,33.75,Low,12.5,Deteriorating,Liquidity,"Main financial risk drivers: low liquidity position, declining equity.",5,0.0,75,50,25.0,0.0,25.0,75.0,30377093.65,5367135.74,61494673.56,46375282.68,32857029.96,15119390.88,12567350.59,18063941.34,19048281.67,0.17668364860178123,0.534306925427315,0.7541349517816678,2.1731715398312397,0.9483239303653156,0.6597629543557668,0.01187064744006161,0.6614760469025642,0.006965828172438293,-0.014811759108958933,-0.31742911390145223,0,1,1,1,0,1,1
41,5,2024Q1,34.62,Low,,Stable,Profitability,No major financial risk drivers detected.,0,50.0,50,0,,,,,21755178.18,1795147.18,57893568.0,31697138.29,17578608.69,26196429.71,7720845.62,16275910.7,12895821.86,0.08251585738104031,0.3036366438841704,0.5475070786792757,0.6710307047410241,1.2621072837927678,0.598709078321589,,,,,,0,0,0,0,0,0,0
42,5,2024Q2,21.25,Low,-13.369999999999997,Improving,Liquidity,No major financial risk drivers detected.,2,25.0,50,0,25.0,0.0,25.0,0.0,22753015.62,2097300.45,57593216.62,30501197.99,18192812.2,27092018.63,7578394.59,16234263.78,11011635.65,0.09217681229720001,0.31588463481795365,0.5295970563902843,0.6715192562231012,1.474282685697106,0.688216976194631,0.045866663639525296,0.16831671150217353,0.034940393795181324,-0.01845018499411466,0.03418744194969903,0,0,0,1,0,1,0
43,5,2024Q3,15.0,Low,-6.25,Improving,Profitability,No major financial risk drivers detected.,1,50.0,0,0,0.0,25.0,0.0,0.0,22060692.13,1799347.56,57013208.96,25377366.5,17811906.19,31635842.46,7855842.62,24886757.46,10458447.48,0.08156351348347293,0.3124171839283189,0.44511380718465704,0.5630292985723764,2.379584303271751,0.75114806810695,-0.03042776841375905,-0.14206495306859834,-0.0209371704502066,0.036610396397952716,0.1677181716156233,0,0,0,0,1,0,0
44,5,2024Q4,20.0,Low,5.0,Deteriorating,Equity Decline,No major financial risk drivers detected.,2,25.0,25,0,25.0,25.0,0.0,50.0,21431391.7,1832385.53,57594189.84,31201115.36,18381885.2,26393074.47,7946089.59,21104593.03,12861227.02,0.08550007184087817,0.319162145540478,0.5417406763890334,0.6964662347652596,1.6409470882662331,0.6178329313092243,-0.028525869736617304,0.01836108305835027,0.0319998883847703,0.011487879068534657,-0.16572240795006166,0,0,0,1,0,0,1
45,5,2025Q1,30.62,Low,10.620000000000001,Deteriorating,Profitability,Main financial risk drivers: weak profitability or declining profit.,3,62.5,50,0,25.0,0.0,25.0,0.0,22216308.2,1127442.97,58903927.21,28629716.46,19014834.82,30274210.75,7944211.94,18394229.08,16260231.51,0.050748439382921416,0.32281098596719526,0.48604087734135987,0.6280868881115258,1.1312402943763498,0.48856696382916387,0.03662461640323622,-0.3847130139692819,0.03443333548835348,-0.00023629861943197383,0.14705131395023874,0,0,0,1,1,1,0
46,5,2025Q2,18.75,Low,-11.870000000000001,Improving,Profitability,No major financial risk drivers detected.,2,25.0,25,0,25.0,25.0,25.0,0.0,22099164.23,2168283.05,60376105.62,25565618.94,19116870.31,34810486.68,7800557.44,18140231.44,9949163.42,0.09811606572236418,0.31662973478811796,0.4234393503434447,0.5491698661306966,1.8232921376619624,0.7840415430627232,-0.005272881927340101,0.9231864561628336,0.00536609920443154,-0.018082913835251957,0.14983960993929468,0,0,0,1,0,1,0
47,5,2025Q3,28.75,Low,10.0,Deteriorating,Profitability,No major financial risk drivers detected.,3,50.0,50,0,25.0,0.0,0.0,50.0,22146743.31,1630119.76,60033296.76,29627185.85,19612089.94,30406110.91,7814187.84,20471539.56,16051773.32,0.07360539367717989,0.32668687209374575,0.4935125580133141,0.6450048806981742,1.2753444215719836,0.4868114995284521,0.0021529809681855028,-0.24819789556534133,0.025904848543171433,0.0017473623013279926,-0.12652439509070368,0,0,0,1,1,0,1
48,5,2025Q4,18.75,Low,-10.0,Improving,Profitability,No major financial risk drivers detected.,2,50.0,0,0,25.0,25.0,0.0,0.0,21887643.39,1438592.7,61181225.5,27169772.73,20680870.7,34011452.77,8053984.91,26488433.99,9946888.55,0.0657262490240161,0.3380264211935408,0.44408676857903084,0.6080560815750181,2.662986908604701,0.8096989193671019,-0.011699233443637103,-0.11749263133893917,0.05449601563473139,0.030687395147132923,0.1185729365610606,0,0,0,1,1,0,0
49,5,2026Q1,9.38,Low,-9.37,Improving,Debt Growth,No major financial risk drivers detected.,3,12.5,0,0,25.0,0.0,25.0,25.0,22020871.45,2315623.77,61435763.39,30016140.68,21359275.87,31419622.71,7780562.35,25530597.33,10675273.75,0.10515586430163736,0.3476684375908103,0.48857764636950496,0.6798068858796936,2.3915637132958767,0.7288396093823823,0.0060869074676568324,0.6096451552965618,0.032803511024320775,-0.03394873010756616,-0.0762046266452382,0,0,0,1,0,1,1
50,5,2026Q2,16.88,Low,7.499999999999998,Deteriorating,Liquidity,No major financial risk drivers detected.,3,12.5,25,0,25.0,25.0,25.0,25.0,21791205.24,2400153.79,59536182.86,30797453.26,21485275.68,28738729.61,7661625.61,26456981.27,17325626.22,0.1101432327200641,0.36087761505508115,0.5172896847018318,0.7476070087845473,1.5270432903290465,0.442213488431127,-0.010429478711661111,0.0365042115628309,0.005899067494931742,-0.015286393791317576,-0.08532543896991951,0,0,0,1,0,1,1
51,6,2024Q1,17.31,Low,,Stable,Profitability,No major financial risk drivers detected.,0,25.0,25,0,,,,,23520046.19,2687149.27,62088457.48,31266692.89,17824276.65,30821764.59,7580553.94,20826114.37,12768862.46,0.11424931942278638,0.2870787481834538,0.5035830194375768,0.5783016283169918,1.6310078078795438,0.5936749623348986,,,,,,0,0,0,0,0,0,0
52,6,2024Q2,25.62,Low,8.310000000000002,Deteriorating,Profitability,Main financial risk drivers: weak profitability or declining profit.,3,62.5,25,0,25.0,0.0,0.0,25.0,23916980.57,1689509.71,62179394.98,31839739.91,18400433.83,30339655.08,7700730.25,26964196.21,15943780.33,0.0706405938264305,0.2959249416292728,0.5120625557749677,0.6064813123775301,1.6912046987541505,0.4829927464260291,0.016876428591741544,-0.37126317139799236,0.03232429519096369,0.015853235918007247,-0.015641852970235903,0,0,0,1,1,0,1
53,6,2024Q3,23.12,Low,-2.5,Stable,Liquidity,No major financial risk drivers detected.,2,37.5,50,0,25.0,0.0,0.0,0.0,24381350.16,1548728.78,61873037.25,29188534.71,18896912.49,32684502.54,7791862.01,17475860.53,13254145.1,0.06352104251145377,0.30541433441591714,0.47174885874864664,0.5781612391644495,1.3185203872560594,0.5878811459518426,0.01941589527327192,-0.083326499496709,0.02698189969795939,0.011834171181362985,0.07728655628473935,0,0,0,1,1,0,0
54,6,2024Q4,12.5,Low,-10.620000000000001,Improving,Profitability,No major financial risk drivers detected.,1,25.0,25,0,0.0,0.0,0.0,25.0,24713525.76,2120194.67,62155536.56,30797167.71,18437660.16,31358368.85,7950463.83,26997745.02,13653759.23,0.08579086167590196,0.2966374546892014,0.495485509649987,0.5879661741398261,1.9773122233385096,0.5822911987880425,0.013624167563327516,0.36899029538277195,-0.024303035230915593,0.02035480348554075,-0.040573776161257014,0,0,0,0,0,0,1
55,6,2025Q1,18.12,Low,5.620000000000001,Deteriorating,Profitability,No major financial risk drivers detected.,2,37.5,25,0,25.0,0.0,0.0,0.0,24746584.6,1930849.58,62146749.17,30128952.17,18815570.54,32017797.0,8169386.64,17004028.06,10969009.87,0.07802489156422822,0.30276033406881414,0.48480334969064,0.5876597487328687,1.5501880535731527,0.7447697410085383,0.001337682058037526,-0.08930552117650581,0.0204966561223352,0.02753585384212731,0.021028777139344035,0,0,0,1,1,0,0
56,6,2025Q2,11.25,Low,-6.870000000000001,Improving,Profitability,No major financial risk drivers detected.,0,25.0,25,0,0.0,0.0,0.0,0.0,25862333.79,2004044.78,62939608.57,30796950.07,18424896.8,32142658.5,8754577.75,23911165.54,14045300.96,0.07748893801590673,0.29273929753643524,0.4893095265400059,0.5732225540709397,1.7024316964155675,0.6233100860517267,0.04508699717697606,0.037908286983183714,-0.02076332148257032,0.07163219661249864,0.003899753002993833,0,0,0,0,0,0,0
57,6,2025Q3,12.5,Low,1.25,Stable,Profitability,No major financial risk drivers detected.,1,25.0,0,0,25.0,25.0,0.0,0.0,25287627.42,2172882.38,62611107.7,27093171.93,18617490.82,35517935.77,9351260.04,24689419.87,9988315.37,0.08592670019653428,0.2973512449133686,0.43272149184480885,0.5241715323930831,2.4718302291650613,0.9362199423625127,-0.022221752091925118,0.08424841684425832,0.010452922591132285,0.06815660412633817,0.10500927513509817,0,0,0,1,0,0,0
58,6,2025Q4,26.88,Low,14.379999999999999,Deteriorating,Liquidity,No major financial risk drivers detected.,4,37.5,50,0,25.0,0.0,25.0,50.0,25385969.13,2002620.31,62400864.82,31091546.2,19100000.51,31309318.62,9322910.84,19582327.05,16845239.05,0.0788868961332421,0.3060855096334865,0.49825505286963423,0.6100420370630218,1.16248436676237,0.5534448524195921,0.0038889259307188784,-0.07835770199397529,0.02591700969078281,-0.0030315914517119458,-0.11849272934253074,0,0,0,1,1,1,1
59,6,2026Q1,21.25,Low,-5.629999999999999,Improving,Liquidity,No major financial risk drivers detected.,2,25.0,50,0,25.0,0.0,25.0,0.0,25603862.67,2217517.42,62490172.63,26542105.91,19346406.96,35948066.72,9153936.24,18118218.51,12649766.87,0.08660870621674834,0.3095911908348972,0.42474047986959446,0.5381765620579665,1.4322966340959928,0.7236446595477851,0.00858322717104798,0.10730796493320294,0.012900860912071321,-0.018124661160011657,0.1481587049625801,0,0,0,1,0,1,0
60,6,2026Q2,20.0,Low,-1.25,Stable,Liquidity,No major financial risk drivers detected.,1,25.0,50,0,25.0,0.0,0.0,0.0,26130983.24,2225088.26,62802558.02,26265905.76,19737349.35,36536652.25,9456399.76,18437631.13,13445976.83,0.08515134082646941,0.3142762010380927,0.4182298713316009,0.5402068370946602,1.3712377585585946,0.7032884170156642,0.020587540903256762,0.003414106212523027,0.020207493350486327,0.03304190810050911,0.016373217914178895,0,0,0,1,0,0,0
61,7,2024Q1,15.38,Low,,Stable,Liquidity,No major financial risk drivers detected.,0,0.0,50,0,,,,,17778592.82,2905747.87,39861806.25,23996544.42,15528243.4,15865261.83,6509578.95,12043315.62,9376149.36,0.16344082455902717,0.3895519260369693,0.601993403648135,0.9787574618300516,1.2844628597085403,0.6942699716123123,,,,,,0,0,0,0,0,0,0
62,7,2024Q2,12.5,Low,-2.880000000000001,Stable,Profitability,No major financial risk drivers detected.,2,25.0,25,0,0.0,0.0,25.0,0.0,18456471.79,2695057.71,39986701.21,20172389.2,15149740.71,19814312.01,6365934.59,16730629.47,8641726.12,0.14602236769111113,0.37886948039142837,0.5044774534928433,0.7645857551023796,1.9360286634494732,0.7366508150804484,0.03812894399816735,-0.0725080665722041,-0.024375113156714145,-0.022066613079483433,0.24891175590513415,0,0,0,0,1,1,0
63,7,2024Q3,8.75,Low,-3.75,Stable,Liquidity,No major financial risk drivers detected.,1,0.0,25,0,25.0,0.0,0.0,0.0,18825497.0,2976816.75,41605003.08,21619858.16,15495160.41,19985144.92,6428807.39,16793499.76,9865083.9,0.15812686113944296,0.3724350261483024,0.5196456329645824,0.7753339028576831,1.7023169726919405,0.6516728550073456,0.019994352886012923,0.10454657017344537,0.022800370422973337,0.009876444552032293,0.00862169273976221,0,0,0,1,0,0,0
64,7,2024Q4,11.25,Low,2.5,Stable,Liquidity,No major financial risk drivers detected.,1,0.0,50,0,0.0,0.0,0.0,25.0,19742387.07,3288014.21,41034447.39,22868583.74,14909774.67,18165863.65,6672813.27,15530935.73,13326777.38,0.16654592974708604,0.3633477631194682,0.5573021009068839,0.8207578212225545,1.1653931995073215,0.5007071912234493,0.048704693958411927,0.10454034834357873,-0.037778617614194765,0.03795507707690082,-0.09103167764269593,0,0,0,0,0,0,1
65,7,2025Q1,25.62,Low,14.370000000000001,Deteriorating,Liquidity,No major financial risk drivers detected.,3,37.5,50,0,25.0,0.0,0.0,50.0,20406287.61,2598140.15,41476003.88,25472873.14,15207732.31,16003130.75,6944333.88,12422114.0,9422771.38,0.12732056901554178,0.3666633929825932,0.614159291085494,0.9502973229160175,1.3183079052905982,0.7369736142319522,0.0336281796950908,-0.20981480490621118,0.019984047149922635,0.04069057517624808,-0.11905477998014147,0,0,0,1,1,0,1
66,7,2025Q2,0.0,Low,-25.62,Improving,Profitability,No major financial risk drivers detected.,0,0.0,0,0,0.0,0.0,0.0,0.0,20996432.24,3677332.32,42467271.19,21109657.67,15146449.35,21357613.52,7126952.4,17585666.8,7624317.19,0.17514081811453508,0.3566617050159469,0.4970806241718401,0.7091826685512568,2.306523503909994,0.9347659891888627,0.02891974480016657,0.4153710376247408,-0.004029723745183511,0.026297485569631185,0.33458970333039373,0,0,0,0,0,0,0
67,7,2025Q3,18.12,Low,18.12,Rapid Deterioration,Profitability,No major financial risk drivers detected.,2,37.5,25,0,25.0,0.0,0.0,0.0,21177550.22,2925615.5,42322803.44,20144525.32,15426155.85,22178278.12,7303414.59,16347717.66,9736830.59,0.13814702218186972,0.36448804417857816,0.475973321298491,0.6955524575232443,1.6789567723186607,0.7500813044339925,0.008626131236475265,-0.20441906104368612,0.018466803244550523,0.024759838440902016,0.03842492042622192,0,0,0,1,1,0,0
68,7,2025Q4,38.75,Low,20.63,Rapid Deterioration,Liquidity,"Main financial risk drivers: low liquidity position, declining equity.",5,50.0,75,0,25.0,25.0,25.0,75.0,20990030.28,2157574.12,41961330.01,25346194.91,15526481.86,16615135.1,7302340.66,10836516.19,11606344.89,0.10279042436903049,0.3700188210502339,0.6040369765200395,0.9344782191990723,0.9336717366840198,0.6291679877867217,-0.00885465684425124,-0.2625230075517442,0.0065036300018970206,-0.00014704491806749598,-0.25083746312042376,0,1,0,1,1,1,1
69,7,2026Q1,16.88,Low,-21.87,Improving,Liquidity,No major financial risk drivers detected.,1,12.5,50,0,25.0,0.0,0.0,0.0,22036658.44,2261934.64,42467972.34,19589411.92,15916777.35,22878560.43,7606573.14,14762691.2,10343353.26,0.10264417566568228,0.37479485063637485,0.4612749524080527,0.6957071184045648,1.4272635603668824,0.735406879064672,0.04986310863006538,0.048369378846646605,0.025137406755711744,0.04166232365281064,0.3769710744031205,0,0,0,1,0,0,0
70,7,2026Q2,16.88,Low,0.0,Stable,Liquidity,No major financial risk drivers detected.,2,12.5,50,0,0.0,0.0,25.0,50.0,22217609.2,2642875.12,41470409.98,22244808.32,15901394.93,19225601.66,7582246.72,12895747.71,9212061.86,0.11895407360032241,0.3834395400881928,0.5364019388939738,0.8270947880442041,1.399876369262679,0.8230781376884936,0.008211352029287022,0.16841356653877493,-0.0009664280439281026,-0.0031980787606020744,-0.1596673348909654,0,0,0,0,0,1,1
71,8,2024Q1,25.0,Low,,Stable,Liquidity,No major financial risk drivers detected.,0,25.0,50,0,,,,,21042194.28,2345075.45,41855853.75,22067971.3,14104067.96,19787882.46,3606816.19,16504214.2,12484196.6,0.11144633581436546,0.3369676328726182,0.5272373950800132,0.7127628733650766,1.3220085143484523,0.2889105567273748,,,,,,0,0,0,0,0,0,0
72,8,2024Q2,11.88,Low,-13.12,Improving,Liquidity,No major financial risk drivers detected.,1,12.5,25,0,25.0,0.0,0.0,0.0,21252104.29,2520478.9,42185817.69,20542041.65,14312837.65,21643776.03,3713324.46,13620841.31,7251981.36,0.11859902744717803,0.33928079230743013,0.4869418865115282,0.6612911550258728,1.8782234307894028,0.5120427474457822,0.009975671130434849,0.07479650601433718,0.014802090474328677,0.029529719394988163,0.09378939731179292,0,0,0,1,0,0,0
73,8,2024Q3,28.75,Low,16.869999999999997,Rapid Deterioration,Liquidity,Main financial risk drivers: low liquidity position.,3,50.0,75,0,0.0,0.0,25.0,0.0,21803952.92,2011507.26,42660806.2,20265208.46,14252325.78,22395597.75,3685721.75,11674943.02,12141142.26,0.09225424707989141,0.3340847735784233,0.47503107102556347,0.6363896127755733,0.9616016985868017,0.30357289874964366,0.025966775923439656,-0.20193449744808412,-0.004227803841539535,-0.0074334226102072964,0.03473616244032063,0,1,0,0,1,1,0
74,8,2024Q4,26.88,Low,-1.870000000000001,Stable,Liquidity,Main financial risk drivers: low liquidity position.,3,12.5,75,0,25.0,25.0,0.0,50.0,21678122.71,2333310.07,43544585.32,24370866.68,14852669.83,19173718.64,3764280.44,11624041.41,12325400.64,0.10763432337817963,0.34109108447929526,0.5596761687108426,0.7746368927629158,0.9430964355248739,0.3054083635856562,-0.005770981549156673,0.15998093389928902,0.04212253208823302,0.021314330090164813,-0.1438621619286763,0,1,0,1,0,0,1
75,8,2025Q1,20.0,Low,-6.879999999999999,Improving,Liquidity,No major financial risk drivers detected.,2,25.0,50,0,25.0,0.0,0.0,0.0,21820399.33,2215057.23,43729913.45,21343701.89,15347676.89,22386211.57,3886400.48,12283673.53,9606381.26,0.10151313898983536,0.3509651787339634,0.48808013110759996,0.6855861628042319,1.2786993559320796,0.40456446343458996,0.0065631430314934125,-0.050680293853958225,0.03332781686159647,0.03244180181219436,0.1675466814923492,0,0,0,1,1,0,0
76,8,2025Q2,19.38,Low,-0.620000000000001,Stable,Liquidity,No major financial risk drivers detected.,1,37.5,50,0,0.0,0.0,0.0,0.0,22422510.14,2165692.91,43049453.1,18652686.04,14956216.38,24396767.06,4021922.08,13243089.12,10111844.47,0.09658565862956502,0.34741942819245714,0.4332850871919671,0.6130409141185611,1.309661077095265,0.3977436650585667,0.02759394092170364,-0.022285798909132404,-0.02550617352747775,0.0348707243881361,0.08981222587453641,0,0,0,0,1,0,0
77,8,2025Q3,23.12,Low,3.740000000000002,Stable,Liquidity,No major financial risk drivers detected.,3,37.5,50,0,0.0,0.0,25.0,50.0,22905029.37,2074842.67,42917465.79,21960432.08,14906019.02,20957033.71,3967603.07,14320482.87,11960550.85,0.09058458893388444,0.3473182478419586,0.5116898604278004,0.7112656889456327,1.1973096431423975,0.33172410867681734,0.021519411831560475,-0.041949733307295234,-0.0033562873606941546,-0.013505734054400254,-0.14099135928709394,0,0,0,0,1,1,1
78,8,2025Q4,11.88,Low,-11.24,Improving,Liquidity,No major financial risk drivers detected.,1,12.5,25,0,25.0,0.0,0.0,0.0,23311982.98,2507418.93,43457012.01,20689492.86,15608147.15,22767519.15,3994197.96,17071061.53,9154811.62,0.10755922960956109,0.359162915904305,0.47609101277462634,0.6855444832249104,1.8647092085112729,0.4362949371098037,0.017766997956047526,0.20848629452950296,0.04710366524139853,0.006703011750618604,0.08639034822643321,0,0,0,1,0,0,0
79,8,2026Q1,33.75,Low,21.869999999999997,Rapid Deterioration,Equity Decline,Main financial risk drivers: declining equity.,4,50.0,50,0,25.0,25.0,25.0,75.0,22947229.42,2034851.15,43261513.59,26409725.84,15663980.15,16851787.74,3954126.74,17752339.75,14183850.47,0.08867524321809825,0.3620765629804678,0.6104669866683691,0.9295144462815316,1.25158819091809,0.2787766797431558,-0.01564661231577469,-0.1884678201739508,0.003577170272898167,-0.010032357034201578,-0.2598320603586711,0,0,0,1,1,1,1
80,8,2026Q2,19.38,Low,-14.370000000000001,Improving,Liquidity,No major financial risk drivers detected.,1,12.5,50,0,25.0,25.0,0.0,0.0,22240692.1,2454364.35,43125781.04,22938394.01,16016412.26,20187387.03,4125803.69,14328561.44,13361282.82,0.11035467506876731,0.3713883406574009,0.5318951554459778,0.7933870904737887,1.072394143064775,0.3087879918105049,-0.03078965687178803,0.20616407249247692,0.022499524809471927,0.043417159157624674,0.19793741420576438,0,0,0,1,0,0,0
81,9,2024Q1,40.38,Medium,,Stable,Liquidity,Main financial risk drivers: low liquidity position.,1,25.0,75,25,,,,,15918101.7,1754331.68,61233134.98,38563787.62,32105376.84,22669347.36,9555857.99,18540913.87,22635370.89,0.11020985498540947,0.5243137861631006,0.6297862690289453,1.4162461905122972,0.8191124395576449,0.4221648514812562,,,,,,0,1,0,0,0,0,0
82,9,2024Q2,24.38,Low,-16.000000000000004,Improving,Liquidity,No major financial risk drivers detected.,2,12.5,50,25,25.0,0.0,0.0,50.0,16553352.48,2058754.79,61183726.66,42471759.53,32148916.5,18711967.14,9611972.91,23090028.84,17352953.29,0.12437086641436636,0.5254488122087201,0.6941675809650658,1.718093894643297,1.3306109026010062,0.5539099166214606,0.03990744574775529,0.17352654202767415,0.001356148542251523,0.005872305768746644,-0.1745696581888716,0,0,0,1,0,0,1
83,9,2024Q3,20.0,Low,-4.379999999999999,Stable,Liquidity,No major financial risk drivers detected.,2,0.0,50,25,25.0,0.0,0.0,25.0,17578218.73,2723760.57,60833955.41,43525589.18,32787052.68,17308366.23,9911560.3,27151155.84,25007019.76,0.15495088619823993,0.5389597381762621,0.7154818207471872,1.894289284402321,1.0857413678470256,0.3963511204103595,0.06191291167382906,0.3230135921140953,0.019849383726509018,0.031168147559833326,-0.07501086868625184,0,0,0,1,0,0,1
84,9,2024Q4,26.25,Low,6.25,Deteriorating,Liquidity,No major financial risk drivers detected.,3,0.0,50,50,25.0,0.0,0.0,50.0,17972691.2,2928726.39,60478969.46,46511164.65,33201154.68,13967804.81,10012550.02,23309819.85,18591877.14,0.1629542486102471,0.5489702449701761,0.7690469111045597,2.376977279653151,1.2537636557337966,0.5385443301181367,0.022440980855856996,0.07525104161413143,0.012630046501636238,0.010189083952806044,-0.19300270029010125,0,0,1,1,0,0,1
85,9,2025Q1,25.0,Low,-1.25,Stable,Liquidity,No major financial risk drivers detected.,3,0.0,50,50,25.0,0.0,25.0,0.0,18039175.42,3122465.23,63075241.85,48259637.47,33261730.39,14815604.38,9790623.21,22458106.7,21156918.24,0.17309356759944405,0.5273341712918062,0.7651122065416226,2.245047150077856,1.0615017955469492,0.46276225577548963,0.0036991800092800453,0.06615122555029784,0.0018245061228696624,-0.022164864051285815,0.060696693684682224,0,0,1,1,0,1,0
86,9,2025Q2,36.25,Low,11.25,Deteriorating,Profitability,No major financial risk drivers detected.,3,50.0,50,50,25.0,0.0,0.0,0.0,18393581.55,2307981.62,64205539.95,47900426.21,34122447.13,16305113.74,9995613.52,28605807.72,26185569.71,0.12547755388074489,0.5314564312763793,0.7460481797567999,2.092745115067195,1.0924264026638968,0.3817222092434665,0.01964647062565117,-0.2608463345482953,0.02587708847098269,0.020937411807516515,0.10053652364062371,0,0,1,1,1,0,0
87,9,2025Q3,34.38,Low,-1.8699999999999974,Stable,Liquidity,Main financial risk drivers: low liquidity position.,4,37.5,75,25,25.0,0.0,25.0,0.0,19048092.71,1905091.48,65817180.12,46473162.45,34497579.62,19344017.68,9851704.56,18791752.73,19794466.15,0.1000148156040763,0.5241424740030324,0.7060947060519555,1.7833720063059826,0.9493437502986157,0.49769993721199707,0.03558367130516782,-0.1745638424971513,0.010993715912894775,-0.01439721130794569,0.186377353047523,0,1,0,1,1,1,0
88,9,2025Q4,16.25,Low,-18.130000000000003,Improving,Liquidity,No major financial risk drivers detected.,1,0.0,50,25,0.0,0.0,0.0,25.0,19822479.64,3300995.19,66174396.11,48472342.32,33695496.02,17702053.79,9913098.9,22765262.26,21688650.49,0.16652786381673892,0.5091923462964263,0.7324939125915961,1.9034794730448057,1.049639407970376,0.45706388715013135,0.04065430286327065,0.7327226669451066,-0.023250431155900197,0.0062318494861564044,-0.08488225751042633,0,0,0,0,0,0,1
89,9,2026Q1,27.5,Low,11.25,Deteriorating,Profitability,No major financial risk drivers detected.,1,50.0,50,25,0.0,0.0,0.0,0.0,20942836.09,2302433.13,68297281.06,43687218.2,33127469.21,24610062.86,10178047.29,30094065.58,21933312.86,0.10993893664189013,0.4850481409486435,0.6396626267101357,1.3460944573141982,1.3720711400092616,0.464045142426332,0.05651949051516336,-0.3025033368800516,-0.016857647967634892,0.02672710044282911,0.3902377177219052,0,0,0,0,1,0,0
90,9,2026Q2,17.5,Low,-10.0,Improving,Liquidity,No major financial risk drivers detected.,2,0.0,50,25,0.0,0.0,25.0,25.0,21419300.45,3299265.29,68064380.47,44736270.46,32540218.57,23328110.01,10169079.61,29919334.28,21082772.55,0.1540323549642351,0.47807999346063834,0.6572640513450045,1.3948930520325507,1.419136605920458,0.4823407161407715,0.022750708545510978,0.43294727955899437,-0.017726999798183485,-0.0008810805987127246,-0.05209059632609159,0,0,0,0,0,1,1
91,10,2024Q1,44.23,Medium,,Stable,Profitability,Main financial risk drivers: weak profitability or declining profit.,0,75.0,50,0,,,,,27531525.95,1085096.11,103664289.47,45479594.76,30692091.0,58184694.71,13297637.66,27035019.76,24592742.82,0.039412857535417505,0.2960719757683012,0.43871997765596604,0.5274942345744585,1.099308847243091,0.5407138909770456,,,,,,0,0,0,0,0,0,0
92,10,2024Q2,35.62,Low,-8.61,Improving,Profitability,Main financial risk drivers: weak profitability or declining profit.,4,87.5,25,0,25.0,25.0,25.0,25.0,27099988.71,520089.42,104326295.49,49044952.17,33306090.62,55281343.33,12982830.9,37770488.21,22429744.43,0.019191499508192968,0.31924924069783056,0.47011112528864896,0.6024833807163564,1.6839464367450219,0.5788220610590346,-0.015674294290251578,-0.5206973693786443,0.08516850872102522,-0.023673886147985157,-0.04989888482651117,0,0,0,1,1,1,1
93,10,2024Q3,25.62,Low,-9.999999999999996,Improving,Liquidity,No major financial risk drivers detected.,1,37.5,50,0,25.0,25.0,0.0,0.0,26214814.72,1046991.03,105065607.18,43773968.71,35153269.66,61291638.47,13003160.0,26986977.0,23006924.21,0.03993890634676971,0.3345839861732762,0.4166346141702276,0.5735410332880272,1.1729936932756122,0.5651846323007468,-0.032663260471151756,1.0130981130129508,0.05546069819706734,0.0015658449344819747,0.10872194447449957,0,0,0,1,0,0,0
94,10,2024Q4,46.25,Medium,20.63,Rapid Deterioration,Profitability,"Main financial risk drivers: weak profitability or declining profit, declining equity.",5,100.0,50,0,25.0,25.0,25.0,75.0,25682709.43,-98052.1,105647062.85,61269822.31,35296829.05,44377240.54,12234980.58,39433199.14,35783844.81,-0.0038178253843212215,0.3341013758244771,0.579948184617231,0.7953813400854599,1.1019832930021025,0.34191352675945164,-0.02029788482899486,-1.0936513276527307,0.004083813294993632,-0.059076364514471846,-0.2759658307760686,1,0,0,1,1,1,1
95,10,2025Q1,39.38,Low,-6.869999999999997,Improving,Profitability,Main financial risk drivers: weak profitability or declining profit.,3,87.5,50,0,25.0,25.0,25.0,0.0,25463500.33,1256397.63,106534739.73,44964315.16,36231952.98,61570424.56,12054160.34,33017090.05,22742520.68,0.04934112018054982,0.340095194035539,0.42206246782933776,0.5884635884667675,1.4517779499717267,0.5300274542830492,-0.008535279371417959,-13.813571866385317,0.026493142731754737,-0.014778956028387968,0.38743247238418776,0,0,0,1,1,1,0
96,10,2025Q2,43.12,Medium,3.739999999999995,Stable,Profitability,"Main financial risk drivers: weak profitability or declining profit, declining equity.",4,87.5,50,0,25.0,25.0,25.0,75.0,23922251.45,225418.58,107154389.36,62623073.83,37788304.73,44531315.53,11818820.63,45752226.62,32869982.15,0.00942296675006315,0.3526528866964559,0.5844191190302911,0.8485782259125637,1.391915164760745,0.3595627334406691,-0.06052776955351136,-0.8205834087732241,0.042955226588506035,-0.019523525767204064,-0.2767417823048385,0,0,0,1,1,1,1
97,10,2025Q3,33.75,Low,-9.369999999999997,Improving,Profitability,Main financial risk drivers: weak profitability or declining profit.,3,100.0,25,0,0.0,25.0,25.0,0.0,23727389.28,-214649.69,105982110.12,59875839.45,36601740.47,46106270.67,11481681.45,45885037.27,28993726.56,-0.009046494220960495,0.3453577252666235,0.5649617598876319,0.7938560186741731,1.5825850180053573,0.3960057161413748,-0.008145645087264453,-1.9522271411699958,-0.03140030410144301,-0.028525619480528674,0.035367361625303406,1,0,0,0,1,1,0
98,10,2025Q4,33.12,Low,-0.6300000000000026,Stable,Profitability,Main financial risk drivers: weak profitability or declining profit.,2,87.5,25,0,25.0,25.0,0.0,0.0,22539248.61,646488.12,105836986.34,51424809.15,38580810.92,54412177.19,11832768.74,45030981.61,27549667.99,0.028682771603715854,0.36453051295375727,0.4858869373396408,0.709047366093825,1.634538086859899,0.4295067637219827,-0.050074648162050206,-4.011828808138507,0.05407039186079454,0.030578037853506324,0.18014700385222016,0,0,0,1,1,0,0
99,10,2026Q1,48.75,Medium,15.630000000000003,Rapid Deterioration,Profitability,"Main financial risk drivers: weak profitability or declining profit, low liquidity position.",6,100.0,75,0,25.0,25.0,25.0,25.0,21608180.96,-209159.97,109945370.87,59304114.29,39699858.06,50641256.58,11771239.11,33186793.28,34230691.05,-0.009679665788952185,0.36108712668713744,0.539396191224108,0.7839429891966556,0.969504040439172,0.3438796807463225,-0.041308726218446834,-1.3235325809235288,0.029005277839297516,-0.005199935142145007,-0.06930288043487864,1,1,0,1,1,1,1
100,10,2026Q2,39.38,Low,-9.369999999999997,Improving,Profitability,Main financial risk drivers: weak profitability or declining profit.,3,87.5,50,0,25.0,25.0,25.0,0.0,21360173.61,283865.68,110552674.69,52282501.24,42252488.69,58270173.45,11552624.18,30022917.58,26798058.95,0.013289483745914179,0.3821932740069828,0.47291936976292076,0.725113487541884,1.1203392617359698,0.4310992897491182,-0.011477474686976241,-2.3571702080469796,0.06429823064208695,-0.018571955590833245,0.15064627904618244,0,0,0,1,1,1,0
101,11,2024Q1,34.62,Low,,Stable,Profitability,No major financial risk drivers detected.,0,50.0,50,0,,,,,14364302.41,1022471.88,40448743.01,23351251.17,15942409.94,17097491.84,7554166.66,14066288.13,10554732.62,0.07118145043285816,0.3941385752348006,0.577304742553482,0.9324414416565091,1.3326996179274129,0.7157136928021963,,,,,,0,0,0,0,0,0,0
102,11,2024Q2,16.25,Low,-18.369999999999997,Improving,Liquidity,No major financial risk drivers detected.,0,25.0,50,0,0.0,0.0,0.0,0.0,14403986.17,1064126.02,41844145.63,23563229.18,15710628.37,18280916.45,7680116.8,14331537.95,11522727.89,0.07387718978905407,0.375455828610259,0.5631188981214718,0.859400479892243,1.2437625956990292,0.6665189765233621,0.0027626653120567113,0.04073866559538053,-0.014538678334851562,0.016672936363307578,0.0692162699110841,0,0,0,0,0,0,0
103,11,2024Q3,40.0,Medium,23.75,Rapid Deterioration,Liquidity,Main financial risk drivers: low liquidity position.,3,25.0,100,25,25.0,25.0,0.0,50.0,13982346.43,1353865.3,42249587.76,26425550.9,16163934.05,15824036.86,7754164.32,10651341.16,15791738.84,0.09682675985592785,0.382582053624279,0.6254629287772251,1.0214798027208338,0.6744881781492278,0.4910266309849891,-0.029272434381961143,0.2722791046872437,0.02885344044326099,0.009641457536166742,-0.1343958655858306,0,1,0,1,0,0,1
104,11,2024Q4,29.38,Low,-10.620000000000001,Improving,Profitability,Main financial risk drivers: weak profitability or declining profit.,2,62.5,50,0,25.0,0.0,0.0,0.0,14429682.59,736850.54,41908836.81,21634561.95,16851491.99,20274274.86,8170949.8,11378763.77,9952589.16,0.05106491673702159,0.4020987761220567,0.5162291200799376,0.8311760645628339,1.1432968433713584,0.8209873499892364,0.03199292495286854,-0.45574309349681985,0.042536546973847456,0.05374989009776354,0.28123278777549565,0,0,0,1,1,0,0
105,11,2025Q1,11.25,Low,-18.13,Improving,Profitability,No major financial risk drivers detected.,0,25.0,25,0,0.0,0.0,0.0,0.0,14488041.93,1358474.06,42444453.92,20612219.92,16746210.96,21832234.0,8405976.49,13220874.67,8698246.57,0.09376519384493527,0.3945441491970549,0.4856281095959027,0.7670406500773124,1.5199471023962936,0.9663989658550229,0.0040443952689883655,0.8436222629354386,-0.006247579149814886,0.02876369280839297,0.0768441362642156,0,0,0,0,0,0,0
106,11,2025Q2,20.62,Low,9.370000000000001,Deteriorating,Liquidity,No major financial risk drivers detected.,2,12.5,50,0,25.0,25.0,0.0,25.0,14330899.33,1613480.3,42612476.82,21627457.28,16933122.77,20985019.54,8702968.01,14722508.9,10243833.09,0.1125875119799617,0.39737476048452797,0.507538141266861,0.8069147964205327,1.437207026964552,0.8495812000779095,-0.01084636562754615,0.1877152074585804,0.011161438873931395,0.03533099579249477,-0.03880566963509102,0,0,0,1,0,0,1
107,11,2025Q3,28.12,Low,7.5,Deteriorating,Profitability,Main financial risk drivers: weak profitability or declining profit.,3,62.5,50,0,0.0,0.0,25.0,25.0,15504451.49,1054860.73,42204675.82,21233788.44,16916646.59,20970887.38,8316962.8,14394868.09,11734161.05,0.06803599151381523,0.4008239907385693,0.5031145963674885,0.8066729024606493,1.2267488087697584,0.7087820564726269,0.0818896381152654,-0.3462202606378275,-0.0009730148551919671,-0.04435328379427195,-0.0006734404022384899,0,0,0,0,1,1,1
108,11,2025Q4,25.0,Low,-3.120000000000001,Stable,Liquidity,No major financial risk drivers detected.,2,25.0,50,0,25.0,25.0,0.0,50.0,15456557.34,1334157.2,42444446.36,23891500.57,17576488.5,18552945.79,8333305.13,14392722.32,13580363.31,0.08631658205979262,0.4141057313110398,0.5628887314811473,0.947369150912611,1.059818650757437,0.613629027425482,-0.003089058005753431,0.2647709427954532,0.03900547939507448,0.001964939653210873,-0.11529991774720982,0,0,0,1,0,0,1
109,11,2026Q1,38.75,Low,13.75,Deteriorating,Equity Decline,Main financial risk drivers: declining equity.,4,50.0,50,25,25.0,25.0,25.0,75.0,15379489.68,1013883.05,41012949.51,27108653.17,17828943.31,13904296.35,8201530.4,14700169.04,14161802.64,0.0659243623225345,0.4347149747338423,0.6609778982950305,1.2822614579845315,1.0380153864367085,0.5791303980493828,-0.004986081848935231,-0.24005728110600455,0.014363210831332962,-0.015813021117588644,-0.2505612581752711,0,0,0,1,1,1,1
110,11,2026Q2,15.0,Low,-23.75,Improving,Profitability,No major financial risk drivers detected.,1,25.0,25,0,0.0,25.0,25.0,0.0,14487061.47,1176929.84,41844106.7,22768434.84,17639377.63,19075671.86,7760775.18,17918108.4,9864911.34,0.08124006669242083,0.42154986737953226,0.5441252457182937,0.9247054446867592,1.8163476368354263,0.7867050105693094,-0.058027166607520275,0.16081419844231548,-0.010632468604781287,-0.05374060675310066,0.37192644487903204,0,0,0,0,0,1,0
111,12,2024Q1,26.92,Low,,Stable,Profitability,No major financial risk drivers detected.,0,50.0,25,0,,,,,11306649.21,1103511.99,24756098.76,11416854.27,6306777.72,13339244.48,2486940.5,11069970.89,5900202.73,0.0975984988571163,0.25475652610460015,0.46117340137804486,0.47279872030653414,1.876201784341061,0.4215008557850011,,,,,,0,0,0,0,0,0,0
112,12,2024Q2,10.62,Low,-16.300000000000004,Improving,Profitability,No major financial risk drivers detected.,2,37.5,0,0,0.0,0.0,25.0,0.0,11594966.08,1065056.3,25057718.99,10104790.24,6279510.12,14952928.75,2474934.62,11085422.9,5362867.35,0.09185505957081679,0.25060182542976156,0.40326057786954217,0.4199518519072727,2.067070128072439,0.4614946554663524,0.025499762541938642,-0.034848456879929324,-0.004323539089308492,-0.0048275702615321325,0.12097268870208144,0,0,0,0,1,1,0
113,12,2024Q3,19.38,Low,8.76,Deteriorating,Profitability,No major financial risk drivers detected.,3,37.5,25,0,25.0,0.0,0.0,25.0,12037146.93,1004702.03,25629666.66,11496292.08,6479083.6,14133374.59,2488403.48,11006626.13,6584003.36,0.08346679124568931,0.2527962492041244,0.4485541007032356,0.45842438822673276,1.6717224351477245,0.37794687273671135,0.038135588060297154,-0.05666768038459569,0.03178169573520795,0.005442107395952078,-0.054808939018050284,0,0,0,1,1,0,1
114,12,2024Q4,18.75,Low,-0.629999999999999,Stable,Profitability,No major financial risk drivers detected.,2,25.0,25,0,25.0,25.0,25.0,0.0,11714616.82,1164159.25,25362617.2,9633828.27,6577406.61,15728788.93,2439438.11,10779731.45,5462295.0,0.09937663927790341,0.25933469555342265,0.3798436176373785,0.418176290575984,1.9734802770630293,0.4465958191565999,-0.026794564515629782,0.15871095632204502,0.01517545012075483,-0.01967742385571658,0.1128827605778473,0,0,0,1,0,1,0
115,12,2025Q1,21.88,Low,3.129999999999999,Stable,Profitability,No major financial risk drivers detected.,3,37.5,25,0,25.0,25.0,0.0,25.0,11637285.65,1129375.44,24953562.33,10578692.64,6971973.43,14374869.69,2560946.65,8148806.91,5260607.72,0.09704801222267839,0.2793979207376761,0.42393516805742587,0.48501124395236167,1.5490238663908589,0.486815741889228,-0.006601254756192665,-0.029878910466931474,0.05998820559460594,0.04981005236488656,-0.08607905198712584,0,0,0,1,1,0,1
116,12,2025Q2,21.88,Low,0.0,Stable,Liquidity,No major financial risk drivers detected.,3,12.5,50,0,25.0,25.0,25.0,25.0,11500057.57,1354803.4,24988795.26,11142521.5,7363148.73,13846273.76,2532083.12,6331767.61,4916518.35,0.11780840154524547,0.2946580118564707,0.4459007080599851,0.5317783583964037,1.2878559906117306,0.5150154926198944,-0.011792103771208873,0.1996040926832976,0.05610682598370165,-0.01127064868766392,-0.03677222412441916,0,0,0,1,0,1,1
117,12,2025Q3,15.62,Low,-6.26,Improving,Profitability,Main financial risk drivers: weak profitability or declining profit.,1,62.5,0,0,0.0,0.0,0.0,0.0,11571206.84,851047.66,25143014.06,9777591.17,7211505.72,15365422.9,2657327.26,10057514.0,3664711.8,0.07354873798107649,0.28681946018050314,0.38887903998570966,0.4693333705771287,2.744421539505508,0.7251122066406422,0.0061868620715086475,-0.3718294034396429,-0.02059485901488789,0.04946288651061326,0.10971537659385411,0,0,0,0,1,0,0
118,12,2025Q4,8.12,Low,-7.5,Improving,Debt Growth,No major financial risk drivers detected.,2,12.5,0,0,25.0,0.0,0.0,25.0,11779923.77,1242906.49,25354572.14,10332395.78,7288338.87,15022176.36,2709031.27,10874693.82,4092313.45,0.10551057156798563,0.28745659085691044,0.40751607729555633,0.48517196811820684,2.657346254842722,0.6619803939993892,0.018037611191815905,0.46044287343437373,0.010654245171977772,0.019457148081941655,-0.022338893126072068,0,0,0,1,0,0,1
119,12,2026Q1,35.62,Low,27.5,Rapid Deterioration,Liquidity,"Main financial risk drivers: weak profitability or declining profit, low liquidity position.",3,62.5,75,0,0.0,25.0,0.0,50.0,11634615.52,829516.0,26180547.0,13487691.64,7270979.65,12692855.36,2731022.51,7008205.63,7938751.99,0.07129724214556597,0.27772451240228097,0.5151799020853155,0.5728403455154476,0.8827843014655002,0.3440115667349371,-0.01233524535787378,-0.332599832188502,-0.002381780033781533,0.008117750519727185,-0.15505882397988302,0,1,0,0,1,0,1
120,12,2026Q2,20.0,Low,-15.619999999999997,Improving,Liquidity,No major financial risk drivers detected.,1,25.0,50,0,25.0,0.0,0.0,0.0,12019087.1,1115495.78,26595481.63,11680928.93,7307277.53,14914552.7,2807599.64,6868113.16,5794523.96,0.09281035828419948,0.2747563526639544,0.4392072718406341,0.4899427878919896,1.1852765140693284,0.4845263665110464,0.0330454907890243,0.3447549896566191,0.004992158106232658,0.028039728606997327,0.1750352680297147,0,0,0,1,0,0,0
121,13,2024Q1,23.08,Low,,Stable,Liquidity,No major financial risk drivers detected.,0,0.0,50,25,,,,,9590214.12,1470918.88,29034632.14,19834096.03,14265642.3,9200536.11,5860994.96,12386867.46,9803209.54,0.15337706349355212,0.4913319456300851,0.6831185576715215,1.5505229401246274,1.2635522488280917,0.5978649070067721,,,,,,0,0,0,0,0,0,0
122,13,2024Q2,15.0,Low,-8.079999999999998,Improving,Liquidity,No major financial risk drivers detected.,0,0.0,50,25,0.0,0.0,0.0,0.0,10036371.54,1631923.65,28660600.43,17747951.49,14232221.49,10912648.94,5912628.85,11398228.92,9788359.82,0.1626009602669612,0.49657792497266257,0.6192456272277753,1.304194936376282,1.1644677075224232,0.6040469454258374,0.04652215418939987,0.10945863309606851,-0.0023427483528029036,0.0088097482342826,0.18608837675655843,0,0,0,0,0,0,0
123,13,2024Q3,23.75,Low,8.75,Deteriorating,Profitability,No major financial risk drivers detected.,2,50.0,25,25,0.0,0.0,0.0,25.0,10119276.77,1074773.96,28359111.55,17707837.52,14004621.09,10651274.03,6211207.52,12266455.84,7051273.27,0.10621055085540466,0.49383144691639674,0.6244143963670822,1.3148306062312436,1.7396086309955197,0.8808632543608681,0.008260478368061763,-0.3414067134819696,-0.015991909636870028,0.05049846313285844,-0.023951554882512327,0,0,0,0,1,0,1
124,13,2024Q4,29.38,Low,5.629999999999999,Deteriorating,Liquidity,Main financial risk drivers: low liquidity position.,3,12.5,75,25,25.0,0.0,0.0,50.0,10494218.2,1407993.78,28156422.99,20077555.33,14042837.46,8078867.66,6258652.01,9419780.74,11045241.04,0.1341685252932896,0.4987436601938903,0.7130719458622539,1.7382185290060812,0.852836140550175,0.5666378838935687,0.03705219636956314,0.31003711701388825,0.0027288399846312483,0.007638529198586541,-0.24151161286008138,0,1,0,1,0,0,1
125,13,2025Q1,20.0,Low,-9.379999999999999,Improving,Liquidity,Main financial risk drivers: low liquidity position.,1,0.0,75,25,0.0,0.0,0.0,0.0,10654061.65,1735801.43,28048621.57,18656284.2,13786304.2,9392337.37,6434317.08,8639493.02,9390852.74,0.1629239145617296,0.4915144997622783,0.6651408574014998,1.4678246379899789,0.9199902563907097,0.6851685632970537,0.01523157294366162,0.23281896174285643,-0.018267907802160255,0.028067556675035465,0.1625809166924761,0,1,0,0,0,0,0
126,13,2025Q2,32.5,Low,12.5,Deteriorating,Profitability,No major financial risk drivers detected.,3,50.0,50,25,0.0,25.0,25.0,25.0,10631537.69,1095421.18,27884151.8,19345103.68,13608899.01,8539048.12,6211897.66,12372273.76,8973570.54,0.10303506528790757,0.4880513887462053,0.6937669762649907,1.5937255322552277,1.3787459189015303,0.6922436985712936,-0.0021141195480129937,-0.3689248314537914,-0.01286821960594775,-0.034567680957370506,-0.09084951023219046,0,0,0,0,1,1,1
127,13,2025Q3,31.25,Low,-1.25,Stable,Liquidity,Main financial risk drivers: low liquidity position.,4,25.0,75,25,25.0,0.0,25.0,0.0,10827304.2,1089687.49,29365679.42,17122887.72,13768958.23,12242791.7,6117137.99,9013351.24,9268418.61,0.10064254867799872,0.4688792666115675,0.583091828903443,1.1246583759160096,0.9724799471481792,0.6599980263515526,0.018413753090875673,-0.005234233283676226,0.011761364375059813,-0.0152545446152762,0.4337419731041403,0,1,0,1,1,1,0
128,13,2025Q4,24.38,Low,-6.870000000000001,Improving,Liquidity,No major financial risk drivers detected.,1,12.5,50,25,25.0,25.0,0.0,0.0,10671765.51,1598738.07,30042904.88,16975597.64,13771804.83,13067307.23,6252141.89,11966192.67,8485372.98,0.14981008236190152,0.4584045679007589,0.5650451481907431,1.0539129896925215,1.410214105874224,0.7368140333649776,-0.014365412398775979,0.4671528164464842,0.00020674040493462442,0.022069781688871082,0.06734701938937682,0,0,0,1,0,0,0
129,13,2026Q1,38.75,Low,14.370000000000001,Deteriorating,Liquidity,"Main financial risk drivers: low liquidity position, declining equity.",4,25.0,100,25,0.0,25.0,25.0,75.0,10607610.63,1441001.6,29606626.19,20055555.63,13619868.45,9551070.56,6089904.53,8138892.65,11885925.39,0.13584601191192103,0.4600277101009326,0.6774009136094679,1.4260043797645234,0.6847504407900377,0.5123626751959613,-0.00601164633348461,-0.09866310996147098,-0.011032423264453195,-0.025949084786365817,-0.26908655380256175,0,1,0,0,1,1,1
130,13,2026Q2,25.62,Low,-13.129999999999999,Improving,Liquidity,No major financial risk drivers detected.,2,37.5,50,0,25.0,25.0,0.0,0.0,10595265.72,1170747.6,30532659.28,16452114.93,13734269.17,14080544.34,6303866.87,9117063.75,9029997.97,0.11049723819479632,0.44982223932903365,0.5388366201294733,0.9754075437967052,1.0096418382694277,0.6981028003486915,-0.0011637785765897801,-0.18754594026821347,0.008399546619703324,0.035133939940434455,0.4742372859194959,0,0,0,1,1,0,0
131,14,2024Q1,40.38,Medium,,Stable,Liquidity,Main financial risk drivers: low liquidity position.,1,25.0,75,25,,,,,9240445.7,1344748.74,33891259.94,22359579.78,14985238.79,11531680.16,3952644.56,11662239.68,13130536.58,0.1455285582166237,0.44215643846022207,0.6597447194227859,1.2994844274279629,0.8881769308471017,0.30102688766128094,,,,,,0,1,0,0,0,0,0
132,14,2024Q2,21.25,Low,-19.130000000000003,Improving,Profitability,No major financial risk drivers detected.,3,25.0,25,25,25.0,0.0,25.0,0.0,9389838.05,1239430.17,35020356.98,19775836.34,15266780.69,15244520.64,3859060.05,15543779.41,9930852.6,0.13199696985189216,0.435940178985577,0.5646954527417842,1.00146020006307,1.5652008982592291,0.3885930247318342,0.016167223405685105,-0.07831840020909786,0.01878794885723667,-0.023676429433361457,0.32196873556021344,0,0,0,1,1,1,0
133,14,2024Q3,18.12,Low,-3.129999999999999,Stable,Liquidity,Main financial risk drivers: low liquidity position.,1,12.5,75,0,0.0,0.0,0.0,0.0,9939504.71,1308360.87,35339440.15,18156009.42,15076707.82,17183430.72,4002227.04,10084157.78,10280812.98,0.1316324010273546,0.42662554234040406,0.5137605276975504,0.8773980042560442,0.9808716294730223,0.3892909099490301,0.058538460096231315,0.05561483145113377,-0.012450095004279516,0.037098927755736755,0.12718734329451498,0,1,0,0,0,0,0
134,14,2024Q4,31.88,Low,13.759999999999998,Deteriorating,Liquidity,No major financial risk drivers detected.,4,37.5,50,25,25.0,0.0,25.0,50.0,10309316.77,1090661.64,35029275.34,21271817.25,15171369.13,13757458.09,3960843.74,11439109.93,8281509.51,0.10579378481936004,0.4331054234706301,0.6072582730739413,1.1027741484473605,1.3812831967634847,0.47827557708135754,0.037206286509219755,-0.16639081387385135,0.0062786459172756715,-0.0103400680637048,-0.1993765206625746,0,0,0,1,1,1,1
135,14,2025Q1,16.88,Low,-15.0,Improving,Liquidity,No major financial risk drivers detected.,1,12.5,50,0,25.0,0.0,0.0,0.0,10679395.48,1302660.91,36085033.81,19880908.24,15734875.53,16204125.57,3966986.91,11135161.21,8678568.08,0.12197889968955432,0.43604990403637917,0.5509460887491405,0.9710413229042879,1.2830643381897628,0.45710154871539593,0.03589750109114176,0.19437675464592297,0.037142751927755624,0.0015509750960283064,0.17784298988913005,0,0,0,1,0,0,0
136,14,2025Q2,31.88,Low,15.0,Rapid Deterioration,Liquidity,"Main financial risk drivers: low liquidity position, declining equity.",4,12.5,75,25,25.0,0.0,25.0,75.0,11085996.14,1442410.93,36610512.16,25071947.87,15923272.35,11538564.29,3953805.67,14061026.05,14980367.34,0.1301110799412564,0.4349371645064689,0.6848292031651273,1.3800046478746102,0.938630257247083,0.26393249112407946,0.03807337791370946,0.1072804280278894,0.011973200527757966,-0.0033227334243964846,-0.28792428569164696,0,1,0,1,0,1,1
137,14,2025Q3,23.12,Low,-8.759999999999998,Improving,Liquidity,No major financial risk drivers detected.,2,12.5,50,25,25.0,0.0,25.0,0.0,11639114.22,1525800.35,36180501.73,24161506.35,16206589.79,12018995.39,3952789.03,15782362.01,12222328.33,0.13109248016297928,0.4479371212412427,0.6678046238912675,1.3484146772769499,1.2912729542096992,0.32340720387111377,0.04989340362516126,0.05781252642060908,0.0177926643325923,-0.00025712948102485367,0.041636991217041786,0,0,0,1,0,1,0
138,14,2025Q4,23.75,Low,0.629999999999999,Stable,Liquidity,No major financial risk drivers detected.,3,25.0,50,25,0.0,0.0,25.0,25.0,11707489.49,1419094.05,36720493.44,25019589.28,16182568.66,11700904.16,3831683.94,9534636.86,8763250.63,0.12121249830820903,0.4406958388628887,0.6813522078857991,1.383018648705862,1.0880251247589843,0.43724459128016513,0.005874611135141761,-0.06993464118683679,-0.0014821828843240015,-0.030637883550288958,-0.02646570862858122,0,0,0,0,1,1,1
139,14,2026Q1,27.5,Low,3.75,Stable,Liquidity,Main financial risk drivers: low liquidity position.,3,0.0,75,25,25.0,25.0,25.0,0.0,11634214.24,1982980.47,36240208.18,20999119.32,16439492.09,15241088.86,3755982.99,10109951.37,10402598.72,0.17044386746654924,0.4536257630846755,0.5794425687540298,1.0786297646453062,0.9718678613030263,0.3610619895179423,-0.006258835428602172,0.39735662340350153,0.015876554297282963,-0.019756574703288177,0.3025565077357235,0,1,0,1,0,1,0
140,14,2026Q2,26.88,Low,-0.620000000000001,Stable,Liquidity,No major financial risk drivers detected.,2,37.5,50,25,0.0,0.0,0.0,50.0,11861109.07,1623522.09,37464920.45,25221028.13,16223294.66,12243892.32,3793348.22,10708368.06,9478433.18,0.1368777641634148,0.43302626737593936,0.6731904893181215,1.325011216694529,1.1297614127401594,0.40020836228546375,0.019502376810279554,-0.1812717701652401,-0.013151101555717193,0.009948189355351689,-0.19665238930967033,0,0,0,0,1,0,1
141,15,2024Q1,32.69,Low,,Stable,Liquidity,No major financial risk drivers detected.,0,25.0,50,25,,,,,9148369.91,1040391.45,26393277.67,17730594.98,11318186.99,8662682.69,4055571.97,10476589.9,9520178.73,0.11372424379809538,0.4288283983335973,0.6717845051944243,1.306545257979431,1.1004614721135597,0.4259974612892588,,,,,,0,0,0,0,0,0,0
142,15,2024Q2,36.25,Low,3.5600000000000023,Stable,Profitability,Main financial risk drivers: weak profitability or declining profit.,1,75.0,50,25,0.0,25.0,0.0,0.0,9074344.14,506021.29,26185317.07,16959672.05,11143791.92,9225645.02,4099252.06,10812199.1,8198327.1,0.05576395188379972,0.42557406848310503,0.6476786973654928,1.2079146656783029,1.3188299232412914,0.5000107961049761,-0.008091689637416466,-0.5136241363767455,-0.015408392718205155,0.010770389558639737,0.06498706580236058,0,0,0,0,1,0,0
143,15,2024Q3,26.25,Low,-10.0,Improving,Liquidity,No major financial risk drivers detected.,2,25.0,50,25,25.0,0.0,25.0,0.0,9218964.69,919730.7,26352902.27,17055420.4,11599852.88,9297481.87,3921859.55,9026202.7,8533612.33,0.09976507459646208,0.44017363860546055,0.6471932474555486,1.2476338262545061,1.0577235467175246,0.45957789015241096,0.015937300566165158,0.8175731301740288,0.040925114473960855,-0.043274360152422586,0.007786647962745974,0,0,0,1,0,1,0
144,15,2024Q4,38.12,Low,11.869999999999997,Deteriorating,Profitability,Main financial risk drivers: weak profitability or declining profit.,3,62.5,50,25,25.0,25.0,0.0,25.0,9117824.84,497970.21,26200320.13,17434947.32,11924633.8,8765372.81,3946594.62,10318794.06,9945385.06,0.054615022632963854,0.4551331335202278,0.6654478736706948,1.3604251705524435,1.0375459570189833,0.39682672879837194,-0.010970846879336471,-0.458569546498774,0.027998710273297922,0.006306974965485601,-0.0572315243460646,0,0,0,1,1,0,1
145,15,2025Q1,27.5,Low,-10.619999999999997,Improving,Liquidity,No major financial risk drivers detected.,1,25.0,50,25,25.0,25.0,0.0,0.0,9029774.76,611502.21,26150965.92,17345877.63,12148590.74,8805088.29,4008214.46,10618648.51,7502576.88,0.06772064932436919,0.46455610003716447,0.6632977796332197,1.3797238982597415,1.415333515382784,0.5342450366200047,-0.009656917252207298,0.2279895417840354,0.018781032923627317,0.015613420159175107,0.004530951604783784,0,0,0,1,0,0,0
146,15,2025Q2,18.12,Low,-9.379999999999999,Improving,Liquidity,No major financial risk drivers detected.,0,12.5,50,25,0.0,0.0,0.0,0.0,9213473.41,1016154.38,26366311.86,15978343.67,11872371.27,10387968.19,4047606.66,10357062.63,9057952.41,0.1102900431553967,0.450285627092632,0.6060136038305965,1.1428963828969907,1.1434220628677383,0.44685669307904874,0.020343658051554803,0.6617345994546775,-0.022736749958209623,0.009827867344204044,0.17976877095005261,0,0,0,0,0,0,0
147,15,2025Q3,25.62,Low,7.5,Deteriorating,Liquidity,No major financial risk drivers detected.,3,12.5,50,25,25.0,0.0,25.0,50.0,9280002.31,1018421.29,25865149.05,17488135.42,11920141.25,8377013.64,3984377.75,8203321.27,6134725.54,0.109743646173726,0.46085724180274923,0.6761273784347283,1.4229583193086457,1.337194503081225,0.649479381599197,0.007220827264535545,0.0022308716516086236,0.004023625854820523,-0.015621307926200534,-0.19358497380997464,0,0,0,1,0,1,1
148,15,2025Q4,26.25,Low,0.629999999999999,Stable,Liquidity,No major financial risk drivers detected.,3,25.0,50,25,25.0,0.0,25.0,0.0,9349583.73,1003829.78,25791650.67,15687243.31,12217779.39,10104407.36,3913557.32,9846148.95,7934344.59,0.10736625383427632,0.4737106417237311,0.6082295201154723,1.2091534866622797,1.2409530287365549,0.49324267122610566,0.007497995978408278,-0.014327577539153813,0.024969346734880382,-0.017774527026208853,0.20620638741134956,0,0,0,1,1,1,0
149,15,2026Q1,31.88,Low,5.629999999999999,Deteriorating,Profitability,Main financial risk drivers: weak profitability or declining profit.,2,62.5,25,25,25.0,25.0,0.0,0.0,9050041.5,694489.71,25237597.77,14959405.37,12394262.73,10278192.4,4168330.33,9587816.36,5508994.67,0.07673884257878817,0.491103109057911,0.592742839723925,1.2058796184823315,1.7403931087847648,0.7566408355228995,-0.032038028499478455,-0.3081598854339628,0.01444479674796284,0.06510010948300105,0.017198934465761706,0,0,0,1,1,0,0
150,15,2026Q2,35.62,Low,3.7399999999999984,Stable,Liquidity,"Main financial risk drivers: weak profitability or declining profit, low liquidity position.",2,62.5,75,25,0.0,0.0,0.0,0.0,9427989.79,484614.21,24658310.59,14378467.88,12368780.72,10279842.71,4271300.33,7103483.61,8414804.91,0.05140164773131347,0.5016069805291555,0.5831083937206584,1.203207195764574,0.8441649789834522,0.5075935064072685,0.04176205048341486,-0.3022010218121157,-0.002055952060651567,0.024702936631224137,0.00016056422528154535,0,1,0,0,1,0,0
151,16,2024Q1,25.0,Low,,Stable,Liquidity,No major financial risk drivers detected.,0,25.0,50,0,,,,,19528222.83,2489333.83,76546004.89,40493069.63,31443129.96,36052935.26,9881637.84,23293634.66,18720552.39,0.12747364937764796,0.41077427888215945,0.5290030444853436,0.8721378643165711,1.2442813745412136,0.527849693435248,,,,,,0,0,0,0,0,0,0
152,16,2024Q2,36.88,Low,11.880000000000003,Deteriorating,Liquidity,"Main financial risk drivers: low liquidity position, declining equity.",4,12.5,100,25,25.0,0.0,25.0,75.0,20378758.51,2505987.08,76416035.35,49520056.1,31788087.78,26895979.25,9643076.94,19254712.39,25724042.61,0.12297054694329365,0.415987137181411,0.6480322601557215,1.1818899577712902,0.7485103598185963,0.37486631033068407,0.04355417732602773,0.0066898419968044465,0.010970848654024978,-0.024141838009315353,-0.253986421465091,0,1,0,1,0,1,1
153,16,2024Q3,18.12,Low,-18.76,Improving,Liquidity,No major financial risk drivers detected.,2,12.5,50,0,25.0,0.0,25.0,0.0,20382615.87,2561722.26,77279800.57,44420197.31,31907169.83,32859603.26,9617543.4,28023112.84,22139999.36,0.12568172193101335,0.4128785218732352,0.5747969971760502,0.9710150660534784,1.2657232904274123,0.43439673342429586,0.0001892833657215487,0.02224080899890346,0.003746121843633432,-0.0026478623118814104,0.2217292017727892,0,0,0,1,0,1,0
154,16,2024Q4,36.88,Low,18.76,Rapid Deterioration,Liquidity,Main financial risk drivers: low liquidity position.,5,37.5,75,25,25.0,0.0,25.0,50.0,20862888.91,2116120.37,76472365.92,48106942.11,33147090.33,28365423.81,9536169.0,19985359.25,23618144.01,0.10142988246396219,0.43345187416688724,0.6290761575276237,1.1685737731975738,0.8461866961916285,0.40376453780459437,0.023562875494645752,-0.17394621460641857,0.038860246979166124,-0.008461037981903008,-0.13676913304278293,0,1,0,1,1,1,1
155,16,2025Q1,10.0,Low,-26.880000000000003,Improving,Liquidity,No major financial risk drivers detected.,0,0.0,50,0,0.0,0.0,0.0,0.0,20863762.68,3627598.55,77414732.33,39240266.88,32728994.26,38174465.46,9563066.68,24096799.74,20269490.79,0.1738707732463529,0.4227747519746543,0.5068837119106526,0.8573530464832343,1.188821169197216,0.4717960988303644,4.1881544007082994e-05,0.7142685271726767,-0.012613356582360291,0.002820595985662644,0.3458098040665236,0,0,0,0,0,0,0
156,16,2025Q2,20.0,Low,10.0,Deteriorating,Liquidity,Main financial risk drivers: low liquidity position.,3,0.0,75,0,25.0,0.0,0.0,25.0,21258814.4,3708349.47,79306534.63,44831239.28,33131523.59,34475295.35,9707752.34,23192091.83,25903886.98,0.1744382071466789,0.41776536756489474,0.5652906092689276,0.9610221828019814,0.8953131955797314,0.37476044994696,0.018934826189271003,0.02226015885908894,0.012298860356120267,0.015129629944188538,-0.09690168717296299,0,1,0,1,0,0,1
157,16,2025Q3,22.5,Low,2.5,Stable,Profitability,No major financial risk drivers detected.,3,50.0,25,0,25.0,0.0,25.0,0.0,21788481.15,2190169.44,79913278.01,40389824.39,33673749.53,39523453.62,9527135.56,26322026.09,17199703.24,0.10051960138579921,0.4213786540678035,0.505420693479071,0.8519941059239854,1.5303767584073737,0.5539127871603906,0.0249151594267647,-0.4093950805558787,0.016365861911755264,-0.018605416956897658,0.1464282820132532,0,0,0,1,1,1,0
158,16,2025Q4,18.12,Low,-4.379999999999999,Stable,Liquidity,No major financial risk drivers detected.,2,12.5,50,0,25.0,0.0,0.0,25.0,22242786.81,3093938.31,82546016.06,46181847.06,33892659.99,36364169.0,9874069.44,25661373.6,24043343.7,0.13909850129971194,0.4105911055157954,0.5594679097102873,0.9320344977496943,1.0672963760859935,0.41067788088060314,0.02085072643991981,0.4126479228018085,0.006500923213346832,0.036415339932456936,-0.07993442704615539,0,0,0,1,0,0,1
159,16,2026Q1,13.75,Low,-4.370000000000001,Stable,Liquidity,No major financial risk drivers detected.,1,0.0,50,0,25.0,0.0,0.0,0.0,23005830.98,4016086.26,84136512.56,43619209.0,34486733.8,40517303.55,10116225.21,28093848.65,20556155.62,0.17456818940777943,0.4098902218630298,0.5184337652323535,0.8511606345531353,1.3666878753664542,0.4921263195807622,0.0343052413583782,0.2980498825782987,0.0175280963540565,0.024524414322936172,0.11420952724094957,0,0,0,1,0,0,0
160,16,2026Q2,18.75,Low,5.0,Deteriorating,Profitability,No major financial risk drivers detected.,2,50.0,25,0,0.0,0.0,0.0,25.0,23671281.99,2917801.65,84168444.63,47090574.28,33792197.2,37077870.35,10658432.39,37600443.54,21101814.32,0.12326335562360474,0.4014829708277099,0.5594801530075513,0.9113845234641423,1.7818583260095713,0.5050955443152625,0.028925319436559516,-0.27347136961146845,-0.020139239744414228,0.053597776714581435,-0.08488800829886411,0,0,0,0,1,0,1
161,17,2024Q1,42.31,Medium,,Stable,Profitability,No major financial risk drivers detected.,0,50.0,50,25,,,,,16117796.34,1115760.47,42805610.21,30213308.1,21587214.95,12592302.11,6517847.57,16953111.98,14445546.87,0.06922537339865656,0.5043080765370545,0.7058258941240777,1.7143183797072987,1.173587412963065,0.45120116452884423,,,,,,0,0,0,0,0,0,0
162,17,2024Q2,27.5,Low,-14.810000000000002,Improving,Liquidity,No major financial risk drivers detected.,1,25.0,50,25,25.0,25.0,0.0,0.0,15952305.63,1525108.07,42887791.58,29080053.81,22634428.11,13807737.77,6531697.47,14682876.96,12042102.32,0.0956042408773734,0.5277592358137457,0.6780496905688423,1.6392568056425365,1.2192951504501084,0.5424050798133394,-0.01026757669032563,0.36687766864513494,0.048510804308269595,0.0021249192852785814,0.09652211719370829,0,0,0,1,0,0,0
163,17,2024Q3,49.38,Medium,21.880000000000003,Rapid Deterioration,Liquidity,"Main financial risk drivers: weak profitability or declining profit, low liquidity position.",5,62.5,75,50,25.0,25.0,0.0,50.0,15902927.23,1043110.89,42844370.48,31616730.43,23052217.2,11227640.05,6823106.75,15573807.66,18580462.83,0.06559238276788619,0.5380454174431366,0.7379436335692895,2.053166747182993,0.8381819011986367,0.36721941818281395,-0.003095377003505928,-0.3160413281401101,0.018458124409841847,0.04461463215931838,-0.18685882966330403,0,1,1,1,1,0,1
164,17,2024Q4,26.25,Low,-23.130000000000003,Improving,Liquidity,No major financial risk drivers detected.,2,25.0,50,25,25.0,0.0,25.0,0.0,15903440.22,1188009.48,42903921.01,28497874.4,23416468.59,14406046.61,6712453.65,17991518.93,12172628.36,0.07470141450941989,0.5457885442345028,0.6642254071220611,1.6254611153170495,1.4780307422447259,0.5514383131959844,3.2257583310268956e-05,0.13891005394450429,0.015801143414525987,-0.016217407121763117,0.28308767878606855,0,0,0,1,0,1,0
165,17,2025Q1,25.62,Low,-0.629999999999999,Stable,Liquidity,No major financial risk drivers detected.,2,12.5,50,25,25.0,25.0,0.0,25.0,15850988.61,1692527.71,43005571.18,29695167.06,23557865.84,13310404.12,6730026.43,17914185.97,12815842.11,0.10677742263547056,0.547786372639918,0.6904958182211033,1.769883590882288,1.3978157514925875,0.5251333757263338,-0.0032981297929512987,0.4246752559583953,0.006038367803264055,0.0026179368851209084,-0.07605434854274706,0,0,0,1,0,0,1
166,17,2025Q2,30.0,Low,4.379999999999999,Stable,Profitability,No major financial risk drivers detected.,3,50.0,25,25,25.0,25.0,25.0,0.0,15745806.2,1514057.88,43940348.33,28567276.17,24034264.94,15373072.16,6625935.89,18875748.76,11730989.14,0.09615626286572738,0.5469748386949121,0.6501376811001717,1.5634002553202093,1.609050058331228,0.5648232907664255,-0.0066357003079065,-0.10544573595193907,0.020222506709037358,-0.015466587105215868,0.15496659766330234,0,0,0,1,1,1,0
167,17,2025Q3,39.38,Low,9.380000000000003,Deteriorating,Liquidity,Main financial risk drivers: low liquidity position.,4,37.5,100,25,25.0,0.0,0.0,25.0,15999093.33,1447818.19,44478483.04,30371786.98,24325241.41,14106696.06,6635172.78,11963561.84,18199145.96,0.09049376487386239,0.546899079002403,0.6828422397563854,1.7243755239736838,0.6573694098775171,0.3645870413141079,0.01608600580896269,-0.043749773951838544,0.012106734727540092,0.0013940506146370435,-0.08237625419433403,0,1,0,1,1,0,1
168,17,2025Q4,43.12,Medium,3.739999999999995,Stable,Equity Decline,"Main financial risk drivers: weak profitability or declining profit, declining equity.",4,62.5,50,50,25.0,0.0,0.0,75.0,16355760.59,1007316.22,44823537.87,35528095.01,24467702.6,9295442.85,6956932.06,16161846.95,12657018.43,0.06158785551164637,0.5458672778343099,0.7926213926495669,2.6322255964383667,1.2769079099776581,0.5496501485302807,0.02229296702277561,-0.3042522694096004,0.005856517006299411,0.04849297684754483,-0.34106166245705594,0,0,1,1,1,0,1
169,17,2026Q1,34.38,Low,-8.739999999999995,Improving,Liquidity,Main financial risk drivers: low liquidity position.,3,12.5,75,50,25.0,25.0,0.0,0.0,16006077.1,1695009.38,45008513.01,34579406.75,24985948.08,10429106.25,7193340.54,12558371.94,16356735.31,0.10589786425557078,0.5551382707188885,0.7682859183176557,2.39578996330582,0.7677798596106278,0.43977850125154344,-0.0213798366682989,0.6826983883968432,0.021180798560139324,0.03398171463528721,0.1219590522252525,0,1,1,1,0,0,0
170,17,2026Q2,45.62,Medium,11.239999999999995,Deteriorating,Liquidity,"Main financial risk drivers: weak profitability or declining profit, low liquidity position.",3,62.5,100,50,0.0,0.0,0.0,0.0,16715334.18,887808.28,45074065.58,33248284.73,24612086.64,11825780.86,7254756.88,11434904.83,18551612.45,0.05311340296518081,0.5460365361610676,0.7376366942313882,2.0812229595128824,0.6163833392282837,0.3910580225601899,0.044311737071415225,-0.47622220238096846,-0.01496286788089718,0.008537944180243118,0.13392083429967916,0,1,1,0,1,0,0
171,18,2024Q1,7.69,Low,,Stable,Liquidity,No major financial risk drivers detected.,0,0.0,25,0,,,,,11913690.93,1908547.64,35745805.18,16015495.03,12025341.27,19730310.16,4277139.65,15617606.67,9516544.34,0.1601978472678072,0.3364126562388432,0.44803844673110815,0.6094856681158224,1.6411006045919396,0.4494425179129676,,,,,,0,0,0,0,0,0,0
172,18,2024Q2,31.88,Low,24.189999999999998,Rapid Deterioration,Liquidity,"Main financial risk drivers: low liquidity position, declining equity.",4,37.5,75,0,25.0,0.0,0.0,75.0,12002741.63,1450428.05,35476098.81,20795676.27,12238394.43,14680422.54,4332620.09,10464121.63,12475511.41,0.1208413956337074,0.34497576792604495,0.5861883625191087,0.8336540993049646,0.83877295976919,0.3472899785516688,0.007474652525672143,-0.2400357111337288,0.0177170156934765,0.012971388483890012,-0.25594567845354144,0,1,0,1,1,0,1
173,18,2024Q3,18.12,Low,-13.759999999999998,Improving,Profitability,No major financial risk drivers detected.,2,37.5,25,0,25.0,0.0,0.0,0.0,12677981.24,1270013.32,35480728.7,19162345.31,12295077.0,16318383.39,4413715.9,14592196.76,7493184.78,0.10017472781810174,0.3465283112970563,0.5400775579335831,0.7534494506076193,1.947395825463682,0.5890307031771876,0.05625711448393478,-0.12438723175548072,0.004631536458822971,0.018717498491773066,0.11157450308647587,0,0,0,1,1,0,0
174,18,2024Q4,8.12,Low,-10.000000000000002,Improving,Liquidity,No major financial risk drivers detected.,0,12.5,25,0,0.0,0.0,0.0,0.0,12915525.17,1614047.46,34597334.08,16707423.59,11817882.12,17889910.49,4413792.55,13280748.4,8489849.18,0.12496955708383324,0.341583605623292,0.48291072229343285,0.6605892257876803,1.5643091082567382,0.5198905724259285,0.018736731464038536,0.2708901824746215,-0.03881186591999386,1.7366319386313833e-05,0.09630409228913184,0,0,0,0,0,0,0
175,18,2025Q1,10.0,Low,1.8800000000000008,Stable,Liquidity,No major financial risk drivers detected.,2,0.0,25,0,25.0,0.0,0.0,25.0,13326642.85,2252510.27,33314253.15,16635622.77,11836187.66,16678630.38,4477992.06,13040983.79,8615863.76,0.16902308370933794,0.35528899917721857,0.499354516371621,0.7096618481451112,1.5136014395380828,0.5197380303051589,0.03183127860374868,0.39556631748610416,0.0015489695881312215,0.014545203308207189,-0.06770744385093885,0,0,0,1,0,0,1
176,18,2025Q2,18.75,Low,8.75,Deteriorating,Profitability,No major financial risk drivers detected.,2,50.0,25,0,0.0,0.0,0.0,25.0,13816989.02,1660726.03,32936481.22,17288182.22,11709841.41,15648299.0,4698354.31,14473404.36,8623346.07,0.12019449589169609,0.35552800348597774,0.5248946329306758,0.7483140122769893,1.67839771737237,0.5448412103446986,0.0367944256868864,-0.262722105147161,-0.010674573066037363,0.04921005822417657,-0.06177553890968834,0,0,0,0,1,0,1
177,18,2025Q3,22.5,Low,3.75,Stable,Liquidity,No major financial risk drivers detected.,4,25.0,50,0,25.0,0.0,25.0,25.0,14019928.17,1588171.25,33283277.72,18857915.57,11801179.97,14425362.15,4502994.4,10459209.3,8280427.9,0.11327955683812893,0.35456784242462525,0.5665882948381684,0.8180855251526562,1.2631242523106807,0.5438117998708738,0.014687653707059267,-0.04368859082674825,0.007800153460831627,-0.041580497576394815,-0.07815142399822494,0,0,0,1,1,1,1
178,18,2025Q4,10.0,Low,-12.5,Improving,Liquidity,No major financial risk drivers detected.,0,0.0,50,0,0.0,0.0,0.0,0.0,14129008.22,2485421.23,32939412.64,18388262.72,11708734.24,14551149.92,4570804.63,12991443.64,9499699.22,0.17590910779440397,0.35546275120223275,0.5582450094349951,0.8046604085843959,1.367563681663597,0.4811525632703137,0.007780357265553706,0.5649579539989784,-0.007833600558165288,0.015058919460348319,0.008719903784183192,0,0,0,0,0,0,0
179,18,2026Q1,17.5,Low,7.5,Deteriorating,Profitability,No major financial risk drivers detected.,1,50.0,25,0,0.0,0.0,0.0,0.0,14408772.94,1563935.51,33361120.18,17131455.44,11586014.27,16229664.74,4714942.14,10628956.15,6785124.82,0.10854050629518769,0.3472909245099575,0.5135155938280008,0.713878841960601,1.5665085657186186,0.6948939430122377,0.01980073304819685,-0.37075635665991313,-0.010481062041766909,0.03153438435192979,0.11535272670738861,0,0,0,0,1,0,0
180,18,2026Q2,5.0,Low,-12.5,Improving,Debt Growth,No major financial risk drivers detected.,2,0.0,0,0,25.0,0.0,25.0,0.0,14785543.35,2420874.55,33569266.85,16696116.41,11738080.25,16873150.44,4672153.19,13575172.73,6004030.51,0.16373253878424426,0.3496674592999042,0.4973631531663909,0.6956661882284503,2.261009951130312,0.7781694617004871,0.02614868119366731,0.5479375808788942,0.013124960530538132,-0.009075180294789154,0.039648736453196776,0,0,0,1,0,1,0
181,19,2024Q1,36.54,Low,,Stable,Profitability,Main financial risk drivers: weak profitability or declining profit.,0,75.0,25,0,,,,,16412501.48,558086.27,61938576.51,31309276.85,25254136.36,30629299.66,5466658.52,21050392.84,13205541.56,0.034003730063943916,0.4077287174322244,0.5054891251003341,0.824509102079809,1.5940575208034102,0.4139670073477849,,,,,,0,0,0,0,0,0,0
182,19,2024Q2,47.5,Medium,10.96,Deteriorating,Profitability,"Main financial risk drivers: weak profitability or declining profit, low liquidity position.",4,75.0,75,25,25.0,25.0,0.0,50.0,15940871.63,332580.18,60294886.35,35695327.31,26153219.62,24599559.04,5568466.05,16472772.62,18498370.06,0.020863362287799815,0.43375518560870463,0.5920125150049312,1.0631580662675164,0.8904985988803383,0.3010246866041991,-0.02873601264101755,-0.40407030619119155,0.035601425730165115,0.018623356411880065,-0.19686185080733254,0,1,0,1,1,0,1
183,19,2024Q3,55.0,Medium,7.5,Deteriorating,Profitability,"Main financial risk drivers: weak profitability or declining profit, low liquidity position.",6,100.0,75,25,25.0,25.0,25.0,50.0,15896595.27,-68308.05,61114836.52,40829157.3,27150399.02,20285679.22,5323452.61,21050367.87,21710433.52,-0.0042970239123412,0.44425217452909255,0.6680727565496889,1.3384022652409862,0.9695968461711307,0.2452025016034779,-0.002777536952036863,-1.2053882164595617,0.038128361038861636,-0.04400016769429693,-0.17536411173002886,1,1,0,1,1,1,1
184,19,2024Q4,53.75,Medium,-1.25,Stable,Profitability,"Main financial risk drivers: weak profitability or declining profit, low liquidity position.",5,100.0,75,25,25.0,25.0,0.0,50.0,15682897.1,-2987.42,61116902.23,43853399.36,28969052.27,17263502.87,5398467.24,16274547.17,20126960.21,-0.00019048903917121283,0.4739941196787323,0.7175330843007617,1.6780518118568828,0.8085943928042375,0.2682206942167945,-0.013443015084072196,-0.9562654767629877,0.06698440227932978,0.014091349260644481,-0.14898078182269503,1,1,0,1,1,0,1
185,19,2025Q1,40.0,Medium,-13.75,Improving,Liquidity,Main financial risk drivers: low liquidity position.,4,50.0,75,25,25.0,25.0,25.0,0.0,14302669.35,-45105.82,62765919.75,43078601.09,31176766.62,19687318.66,5389352.75,18634559.46,22956672.08,-0.0031536644591451737,0.4967148851507111,0.6863374465248715,1.5835963829520296,0.811727387796533,0.2347619346227121,-0.08800846815477736,14.09858674039807,0.07620940890380057,-0.0016883477466467234,0.14040115776341278,1,1,0,1,0,1,0
186,19,2025Q2,48.12,Medium,8.119999999999997,Deteriorating,Profitability,"Main financial risk drivers: weak profitability or declining profit, low liquidity position.",3,87.5,75,25,25.0,25.0,0.0,0.0,13540339.97,477343.58,63017653.99,42886909.28,32152696.05,20130744.71,5473518.78,19570101.83,20313577.73,0.03525344127677763,0.5102172806226993,0.6805538855319104,1.5971935719808747,0.9634000514393876,0.2694512435353258,-0.053299797495493295,-11.582749188463929,0.03130309957716837,0.015617094279085864,0.02252343539808388,0,1,0,1,1,0,0
187,19,2025Q3,45.0,Medium,-3.1199999999999974,Stable,Profitability,"Main financial risk drivers: weak profitability or declining profit, low liquidity position.",3,75.0,75,25,25.0,25.0,0.0,0.0,13268398.46,305910.22,63307883.89,42750207.82,34457155.83,20557676.08,5591955.55,17857561.67,21883677.36,0.02305554968990583,0.5442790646717981,0.6752746292117457,1.6761211576595676,0.816021977304458,0.2555308898961029,-0.02008380222376349,-0.3591403910784765,0.07167236540339816,0.02163814079395543,0.021207927284871753,0,1,0,1,1,0,0
188,19,2025Q4,39.38,Low,-5.619999999999997,Improving,Liquidity,No major financial risk drivers detected.,4,37.5,50,50,25.0,25.0,25.0,50.0,12716108.45,566527.4,62655006.16,46523519.49,34907640.39,16131486.67,5388565.56,22375541.03,16983647.65,0.044551947809158554,0.5571404829305663,0.7425347524696502,2.1639444090989044,1.3174755795172188,0.3172796369218128,-0.041624466710506236,0.8519400888273694,0.01307375925693166,-0.03637188961561044,-0.21530592236085078,0,0,1,1,0,1,1
189,19,2026Q1,59.38,Medium,20.0,Rapid Deterioration,Liquidity,"Main financial risk drivers: weak profitability or declining profit, low liquidity position.",5,87.5,100,50,25.0,25.0,25.0,0.0,12343057.35,212422.63,62958092.76,45372413.22,35899981.04,17585679.54,5270042.41,17083223.41,26352397.83,0.017209887629664137,0.5702202761581877,0.7206764250779061,2.0414326872238684,0.6482606827737012,0.19998341114904156,-0.029336891979715674,-0.62504438443754,0.028427606074579392,-0.021995306298175477,0.09014624006753125,0,1,1,1,1,1,0
190,19,2026Q2,68.12,High,8.740000000000002,Deteriorating,Liquidity,"Main financial risk drivers: weak profitability or declining profit, low liquidity position, high leverage level, declining equity.",5,87.5,100,75,25.0,25.0,0.0,100.0,11725834.83,5610.35,61712734.22,53229868.07,38124230.51,8482866.15,5423679.52,16120355.67,26500891.16,0.00047846060270661345,0.6177692658064826,0.8625426946769302,4.4942628866070224,0.6082948521494173,0.20466026924356454,-0.050005643050828,-0.9735887367555895,0.061956842470800355,0.029152917196353156,-0.5176264795053804,0,1,1,1,1,0,1
191,20,2024Q1,17.31,Low,,Stable,Profitability,No major financial risk drivers detected.,0,25.0,25,0,,,,,27499374.37,3264668.4,78481501.73,33744253.3,20168855.13,44737248.43,9319781.34,22557972.46,12085708.65,0.11871791539961496,0.25698864936844523,0.4299644190817142,0.45082913763813703,1.8664997736810411,0.771140659592187,,,,,,0,0,0,0,0,0,0
192,20,2024Q2,15.0,Low,-2.3099999999999987,Stable,Profitability,No major financial risk drivers detected.,2,25.0,25,0,0.0,25.0,0.0,25.0,27420018.87,2966093.14,77614980.96,36034346.51,20006149.02,41580634.44,9747663.34,33328608.43,20955398.83,0.10817254189584735,0.2577614369358727,0.4642705063416922,0.4811410236866025,1.5904545029363206,0.4651623869856931,-0.0028857201961136614,-0.09145653506493945,-0.008067196127458098,0.0459111629758473,-0.0705589659797502,0,0,0,0,1,0,1
193,20,2024Q3,10.62,Low,-4.380000000000001,Stable,Debt Growth,No major financial risk drivers detected.,2,12.5,0,0,25.0,25.0,25.0,0.0,26783943.61,3050656.9,78307914.58,28273734.29,20138752.33,50034180.29,9679120.59,25675393.16,12804861.46,0.11389872023405145,0.2571739068523666,0.3610584503704964,0.40249989533704816,2.005128539672619,0.7558942062931151,-0.023197477106623232,0.02851014988693157,0.006628127675518014,-0.0070317108428161745,0.20330487891420446,0,0,0,1,0,1,0
194,20,2024Q4,27.5,Low,16.880000000000003,Rapid Deterioration,Profitability,No major financial risk drivers detected.,4,50.0,25,0,25.0,25.0,25.0,50.0,26685882.04,2649905.39,79681870.05,34708883.69,20733452.13,44972986.36,9534191.52,24704972.64,15621034.67,0.09929989895136328,0.26020288074300785,0.43559323680807616,0.46102013248648316,1.5815196087776175,0.6103431508484066,-0.003661207304938796,-0.13136564456002897,0.02953012134292443,-0.014973371666609281,-0.10115472864080377,0,0,0,1,1,1,1
195,20,2025Q1,31.88,Low,4.379999999999999,Stable,Profitability,Main financial risk drivers: weak profitability or declining profit.,3,62.5,50,0,25.0,0.0,0.0,50.0,27218626.82,1610005.08,78203925.65,38070800.76,21160509.22,40133124.89,9690293.59,20649548.02,19882054.92,0.059150856163580706,0.2705811638497971,0.4868144462515226,0.5272579515798577,1.0386023025833186,0.487388935851506,0.019963543989344634,-0.39242922178440487,0.02059749082411977,0.01637286912818392,-0.10761707997903114,0,0,0,1,1,0,1
196,20,2025Q2,8.12,Low,-23.759999999999998,Improving,Liquidity,No major financial risk drivers detected.,0,12.5,25,0,0.0,0.0,0.0,0.0,27595864.46,2994109.38,79544851.19,34338341.38,20972125.48,45206509.81,9936575.34,34057057.91,17067058.75,0.10849848115249076,0.26365157727061683,0.4316852802701183,0.4639182623950504,1.995484893376839,0.5822078358990825,0.013859539737060222,0.8596893992409016,-0.008902609008196616,0.025415303232314113,0.12641390207977898,0,0,0,0,0,0,0
197,20,2025Q3,17.5,Low,9.38,Deteriorating,Profitability,No major financial risk drivers detected.,3,50.0,0,0,25.0,0.0,25.0,0.0,27797601.81,2374404.14,80230846.61,29970531.03,21634592.5,50260315.57,9614193.11,34012907.88,15553895.57,0.08541758948233528,0.26965429649727085,0.3735537177575347,0.43045078914931295,2.1867774363615586,0.6181212331490534,0.007310419656989309,-0.2069748166648474,0.0315879771285823,-0.03244399795392694,0.11179376114725104,0,0,0,1,1,1,0
198,20,2025Q4,24.38,Low,6.879999999999999,Deteriorating,Liquidity,No major financial risk drivers detected.,3,37.5,50,0,25.0,0.0,0.0,25.0,28277047.85,2196215.73,81992625.42,35646329.44,21813357.85,46346295.97,9636874.13,23670874.92,20425615.15,0.0776677870211264,0.26604048520538276,0.43475043343721237,0.4706602198397863,1.1588818621210537,0.4718033733245974,0.01724774832293363,-0.07504552700114486,0.008262940473688252,0.0023591184138385124,-0.07787495075610407,0,0,0,1,1,0,1
199,20,2026Q1,19.38,Low,-5.0,Improving,Profitability,Main financial risk drivers: weak profitability or declining profit.,2,62.5,0,0,25.0,0.0,0.0,0.0,28519564.03,1569076.73,82253818.8,29858498.85,21971413.34,52395319.94,9978105.64,32191174.41,14102842.0,0.055017556662138076,0.2671172434367266,0.3630044086171961,0.41933923421329145,2.2826019330004548,0.7075244578362291,0.008576432069092421,-0.28555437038054543,0.007245811996798857,0.03540894126008465,0.1305179592758725,0,0,0,1,1,0,0
200,20,2026Q2,25.0,Low,5.620000000000001,Deteriorating,Liquidity,No major financial risk drivers detected.,3,25.0,50,0,25.0,25.0,25.0,25.0,28087713.67,1589536.49,83621687.98,36453699.72,22230921.35,47167988.26,9683058.42,22059189.03,21584520.63,0.05659187887897605,0.2658511432502657,0.4359359467692008,0.47131374837227374,1.0219911485706228,0.44861123329937025,-0.015142249704298893,0.01303936232614955,0.01181116599028953,-0.02956946244557901,-0.09976714878325066,0,0,0,1,0,1,1
